Hole_ID;depth_from;depth_to;NI
C170887;0;1;0.5
C170887;1;2;0.72
C170887;2;3;0.89
C170887;3;4;0.98
C170887;4;5;0.9
C170887;5;6;0.82
C170887;6;7;1.02
C170887;7;8;0.96
C170887;8;9;0.94
C170887;9;10;0.93
C170887;10;11;1.49
C170887;11;12;1.65
C170887;12;13;2.08
C170887;13;14;1.59
C170887;14;14.75;1.74
C170887;14.75;15;1.03
C170887;15;16;1.52
C170887;16;17;0.94
C170887;17;17.4;0.63
C170887;17.4;18;0.69
C170887;18;19;0.52
C170887;19;20;0.32
C170888;0;1;0.59
C170888;1;2;0.84
C170888;2;3;0.98
C170888;3;4;0.88
C170888;4;5;0.98
C170888;5;6;1.05
C170888;6;7;1.28
C170888;7;8;1.1
C170888;8;9;1.3
C170888;9;10;1.73
C170888;10;11;1.9
C170888;11;11.45;1.88
C170888;11.45;12;2.19
C170888;12;12.25;2.43
C170888;12.25;12.5;1.38
C170888;12.5;13;2.39
C170888;13;14;2.62
C170888;14;15;2.34
C170888;15;15.75;1.45
C170888;15.75;16;3.07
C170888;16;17;2.8
C170888;17;18;2.79
C170888;18;18.5;2.07
C170888;18.5;19;2.85
C170888;19;20;2.94
C170888;20;21;2.81
C170888;21;22;2.35
C170888;22;23;2.15
C170888;23;24;1.74
C170888;24;25;0.9
C170888;25;26;0.48
C170888;26;27;0.48
C170888;27;28;0.46
C170888;28;29;0.42
C170889;0;1;0.53
C170889;1;2;0.56
C170889;2;3;0.51
C170889;3;3.4;0.71
C170889;3.4;4;0.67
C170889;4;4.4;0.84
C170889;4.4;5;2.52
C170889;5;6;2.53
C170889;6;7;2.39
C170889;7;8;0.83
C170889;8;9;1.55
C170889;9;10;1.05
C170889;10;11;0.59
C170889;11;12;0.35
C170889;12;12.5;0.31
C170890;0;1;0.68
C170890;1;2;0.73
C170890;2;3;0.71
C170890;3;4;0.85
C170890;4;5;0.85
C170890;5;6;0.76
C170890;6;7;1.1
C170890;7;8;1.14
C170890;8;9;1.56
C170890;9;10;2.17
C170890;10;11;1.65
C170890;11;12;1.25
C170890;12;13;1.44
C170890;13;14;0.98
C170890;14;15;1.17
C170890;15;16;1.22
C170890;16;16.5;1.3
C170890;16.5;17;0.97
C170890;17;18;1.04
C170890;18;19;1.19
C170890;19;20;0.94
C170890;20;21;0.84
C170890;21;22;0.86
C170890;22;23;1.18
C170890;23;23.3;1
C170890;23.3;24;1.42
C170890;24;25;1.39
C170890;25;26;1.33
C170890;26;27;0.39
C170890;27;27.5;0.41
C170891;0;1;0.43
C170891;1;2;0.66
C170891;2;3;0.65
C170891;3;4;0.71
C170891;4;5;1.09
C170891;5;6;1.5
C170891;6;7;2.13
C170891;7;8;1.8
C170891;8;9;1.66
C170891;9;10;1.53
C170891;10;11;0.91
C170891;11;12;0.9
C170891;12;13;0.86
C170891;13;14;0.63
C170891;14;15;1.31
C170891;15;16;1.19
C170891;16;16.5;1.28
C170892;0;1;0.63
C170892;1;2;0.46
C170892;2;3;0.94
C170892;3;4;1.16
C170892;4;5;1.23
C170892;5;6;1.04
C170892;6;7;0.99
C170892;7;8;0.96
C170892;8;9;0.64
C170892;9;10;0.91
C170892;10;11;1.11
C170892;11;11.25;0.44
C170892;11.25;11.75;1.23
C170892;11.75;12;0.8
C170892;12;13;1.17
C170892;13;14;1.17
C170892;14;15;1.21
C170892;15;16;1.57
C170892;16;17;1.84
C170892;17;18;2.33
C170892;18;19;2.53
C170892;19;20;1.56
C170892;20;21;0.79
C170892;21;22;0.66
C170892;22;22.5;0.72
C170893;0;1;0.53
C170893;1;2;0.84
C170893;2;3;1.02
C170893;3;4;1.19
C170893;4;5;1.12
C170893;5;6;1.14
C170893;6;7;1.18
C170893;7;8;1.21
C170893;8;9;0.88
C170893;9;9.7;1.37
C170893;9.7;10;2.23
C170893;10;11;2.43
C170893;11;12;1.49
C170893;12;13;1.47
C170893;13;14;1.84
C170893;14;15;0.57
C170894;0;1;0.46
C170894;1;2;0.48
C170894;2;3;0.5
C170894;3;4;0.52
C170894;4;5;1.84
C170894;5;6;1.18
C170894;6;7;1.7
C170894;7;8;2.22
C170894;8;9;1.76
C170894;9;10;1.58
C170894;10;10.3;2.06
C170894;10.3;11;2.02
C170894;11;12;1.86
C170894;12;13;1.94
C170894;13;14;1.9
C170894;14;14.5;2
C170894;14.5;15;1.58
C170894;15;16;0.77
C170894;16;17;1.55
C170894;17;18;1.15
C170894;18;19;1.15
C170894;19;20;1.33
C170894;20;21;1.02
C170894;21;21.7;1.31
C170894;21.7;22;1.17
C170894;22;23;0.82
C170894;23;24;0.31
C170901;0;1;0.54
C170901;1;2;0.67
C170901;2;3;0.8
C170901;3;4;0.8
C170901;4;5;0.88
C170901;5;6;1.17
C170901;6;7;1.49
C170901;7;8;1.9
C170901;8;9;1.75
C170901;9;10;1.94
C170901;10;11;2.22
C170901;11;12;2
C170901;12;13;1.49
C170901;13;14;1.72
C170901;14;15;1.61
C170901;15;16;1.53
C170901;16;17;1.99
C170901;17;18;1.39
C170901;18;19;0.5
C170901;19;20;0.46
C170902;0;1;0.71
C170902;1;2;0.83
C170902;2;3;1.01
C170902;3;4;1.04
C170902;4;5;1.12
C170902;5;6;1.41
C170902;6;7;1.25
C170902;7;8;1.51
C170902;8;9;1.52
C170902;9;10;1.83
C170902;10;11;1.92
C170902;11;12;1.64
C170902;12;13;1.79
C170902;13;14;1.37
C170902;14;15;1.55
C170902;15;16;1.41
C170902;16;17;1.48
C170902;17;17.35;1.03
C170902;17.35;18;1.37
C170902;18;18.5;0.78
C170902;18.5;19;0.91
C170902;19;20;1.39
C170902;20;20.35;1.13
C170902;20.35;21;1.52
C170902;21;22;1.37
C170902;22;23;0.7
C170902;23;24;1.13
C170902;24;25;1.23
C170903;0;1;0.29
C170903;1;2;0.35
C170903;2;3;0.3
C170903;3;4;0.87
C170903;4;5;1.09
C170903;5;6;0.97
C170903;6;7;0.96
C170903;7;8;1.15
C170903;8;9;0.65
C170903;9;10;0.93
C170903;10;11;1.23
C170903;11;12;1.89
C170903;12;13;2.03
C170903;13;14;2.37
C170903;14;15;2.68
C170903;15;16;1.95
C170903;16;16.45;2.22
C170903;16.45;17;2.16
C170903;17;18;1.33
C170903;18;19;2.07
C170903;19;20;1.99
C170903;20;21;1.71
C170903;21;22;1.62
C170903;22;23;1.95
C170903;23;24;1.83
C170903;24;25;1.5
C170903;25;26;0.73
C170904;0;1;0.74
C170904;1;2;0.84
C170904;2;3;1.09
C170904;3;4;1.04
C170904;4;5;1.09
C170904;5;6;1.04
C170904;6;7;1.16
C170904;7;8;1.15
C170904;8;9;1.21
C170904;9;10;1.21
C170904;10;11;1.38
C170904;11;11.6;2
C170904;11.6;12;1.82
C170904;12;13;1.61
C170904;13;14;1.81
C170904;14;15;2.16
C170904;15;16;1.79
C170904;16;17;1.62
C170904;17;17.75;1.35
C170904;17.75;18;0.82
C170904;18;18.4;0.59
C170904;18.4;19;0.51
C170904;19;20;0.41
C170904;20;21;0.45
C170904;21;21.7;0.37
C170904;21.7;22;0.42
C170904;22;22.7;0.41
C170904;22.7;23;0.79
C170904;23;24;0.43
C170905;0;1;0.58
C170905;1;2;0.78
C170905;2;3;0.75
C170905;3;4;0.95
C170905;4;5;1.13
C170905;5;6;1.25
C170905;6;7;1.51
C170905;7;8;1.53
C170905;8;9;1.47
C170905;9;10;1.24
C170905;10;11;1.19
C170905;11;12;1.26
C170905;12;13;1.03
C170905;13;14;1.62
C170905;14;15;1.58
C170905;15;16;2.98
C170905;16;16.65;3.07
C170905;16.65;17;2.11
C170905;17;18;2.02
C170905;18;18.5;1.36
C170905;18.5;19;0.75
C170905;19;20;0.66
C170905;20;21;0.93
C170906;0;1;0.58
C170906;1;2;0.67
C170906;2;3;0.76
C170906;3;4;1.16
C170906;4;5;0.92
C170906;5;6;1.02
C170906;6;7;0.92
C170906;7;8;1.21
C170906;8;9;1.32
C170906;9;10;1.07
C170906;10;11;0.84
C170906;11;12;1.17
C170906;12;12.65;0.99
C170906;12.65;13;1.52
C170906;13;14;1.94
C170906;14;15;2.14
C170906;15;16;1.97
C170906;16;17;1.67
C170906;17;18;1.33
C170906;18;19;1.79
C170906;19;20;2.29
C170906;20;21;1.99
C170907;0;1;0.41
C170907;1;2;0.6
C170907;2;3;0.84
C170907;3;4;1.01
C170907;4;5;0.73
C170907;5;6;0.8
C170907;6;7;0.97
C170907;7;8;0.8
C170907;8;9;1.03
C170907;9;10;0.88
C170907;10;11;1.51
C170907;11;12;1.25
C170907;12;12.25;1.14
C170907;12.25;12.6;1.1
C170907;12.6;13;2
C170907;13;13.5;1.92
C170907;13.5;14;1
C170907;14;14.65;1.83
C170907;14.65;15;2.3
C170907;15;15.35;1.76
C170907;15.35;16;1.92
C170907;16;17;1.29
C170907;17;17.55;1.4
C170907;17.55;18;0.99
C170907;18;19;0.76
C170907;19;20;0.48
C170907;20;21;0.62
C170907;21;22;0.31
C170907;22;23;0.32
C170907;23;24;0.29
C170908;0;1;0.62
C170908;1;2;0.85
C170908;2;3;0.97
C170908;3;4;0.78
C170908;4;5;0.95
C170908;5;6;1.02
C170908;6;7;1.06
C170908;7;8;1.17
C170908;8;9;1.13
C170908;9;10;1.13
C170908;10;11;1.13
C170908;11;11.8;1.22
C170908;11.8;12;2.3
C170908;12;13;2.59
C170908;13;14;2.59
C170908;14;15;2.52
C170908;15;16;3.02
C170908;16;17;3.34
C170908;17;18;2.88
C170908;18;18.5;2.19
C170908;18.5;19;1.9
C170908;19;20;1.64
C170908;20;20.3;1.49
C170908;20.3;20.6;1.48
C170908;20.6;21;1.18
C170908;21;21.35;0.78
C170908;21.35;21.7;0.6
C170908;21.7;22;1.28
C170908;22;22.65;1.59
C170908;22.65;23;1.77
C170908;23;24;1.85
C170908;24;25;1.43
C170908;25;26;2.05
C170908;26;27;1.95
C170908;27;28;1.57
C170908;28;29;1.37
C170908;29;30;2.01
C170908;30;31;1.85
C170908;31;32;2.01
C170908;32;33;2.1
C170908;33;34;2.15
C170908;34;35;2.13
C170908;35;36;1.1
C170908;36;36.5;1.22
C170909;0;1;0.42
C170909;1;2;0.6
C170909;2;3;0.86
C170909;3;4;1.16
C170909;4;5;1.06
C170909;5;6;1.02
C170909;6;7;0.91
C170909;7;8;0.93
C170909;8;9;0.94
C170909;9;10;0.78
C170909;10;11;0.93
C170909;11;12;0.51
C170909;12;13;0.94
C170909;13;14;0.63
C170909;14;15;0.74
C170909;15;16;0.72
C170909;16;17;1.39
C170909;17;18;1.02
C170909;18;19;2.31
C170909;19;20;2.83
C170909;20;21;2.2
C170909;21;22;1.61
C170909;22;23;0.92
C170909;23;24;0.3
C170909;24;25;0.28
C170909;25;25.5;0.28
C170938;0;1;0.65
C170938;1;2;0.83
C170938;2;3;0.93
C170938;3;4;0.94
C170938;4;5;0.8
C170938;5;6;0.87
C170938;6;6.6;0.88
C170938;6.6;7;1.57
C170938;7;8;2.94
C170938;8;9;2.32
C170938;9;10;2.07
C170938;10;10.6;1.89
C170938;10.6;11;0.81
C170938;11;12;0.6
C170938;12;12.4;0.56
C170938;12.4;13;0.5
C170938;13;14;0.45
C170938;14;15;0.36
C170938;15;15.5;0.38
C170938;15.5;16;0.3
C170938;16;17;0.32
C170938;17;17.4;0.42
C170938;17.4;18;0.33
C170938;18;19;0.29
C170939;0;1;0.51
C170939;1;2;0.58
C170939;2;3;0.73
C170939;3;4;0.68
C170939;4;5;1.21
C170939;5;6;1.23
C170939;6;7;1.05
C170939;7;8;0.76
C170939;8;9;0.75
C170939;9;10;0.9
C170939;10;11;1.07
C170939;11;12;1.81
C170939;12;13;1.59
C170939;13;14;2.17
C170939;14;15;3.04
C170939;15;16;2.42
C170939;16;17;0.48
C170939;17;18;0.31
C170939;18;19;0.3
C170939;19;20;0.31
C170940;0;1;0.35
C170940;1;2;0.46
C170940;2;3;0.9
C170940;3;4;0.86
C170940;4;5;1.09
C170940;5;6;0.96
C170940;6;7;1.36
C170940;7;8;1.21
C170940;8;9;1.78
C170940;9;9.5;1.11
C170940;9.5;10;0.66
C170940;10;11;0.61
C170940;11;12;1.26
C170940;12;12.55;1.54
C170940;12.55;13;2.24
C170940;13;14;1.81
C170940;14;14.5;0.86
C170940;14.5;15;1.44
C170940;15;15.4;2.22
C170940;15.4;16;1.54
C170940;16;16.35;3.33
C170940;16.35;17;0.86
C170940;17;17.4;2.86
C170940;17.4;18;1.47
C170940;18;19;2.27
C170940;19;19.35;1.87
C170940;19.35;20;1.91
C170940;20;20.3;1.7
C170940;20.3;21;1.92
C170940;21;22;1.42
C170940;22;22.7;1.47
C170940;22.7;23;0.76
C170940;23;23.45;1.37
C170940;23.45;24;1.86
C170941;0;1;0.67
C170941;1;2;0.71
C170941;2;3;0.85
C170941;3;4;1.31
C170941;4;5;1.23
C170941;5;6;1.13
C170941;6;7;1.22
C170941;7;8;1.11
C170941;8;9;0.93
C170941;9;9.5;1.15
C170941;9.5;10;1.36
C170941;10;10.35;1.71
C170941;10.35;11;2.59
C170941;11;11.5;1.96
C170941;11.5;12;2.34
C170941;12;13;1.8
C170941;13;14;0.82
C170941;14;14.7;0.93
C170941;14.7;15;1.34
C170941;15;16;1.12
C170941;16;17;0.81
C170941;17;18;0.86
C170941;18;19;0.73
C170941;19;20;0.72
C170942;0;1;0.64
C170942;1;2;0.73
C170942;2;3;0.96
C170942;3;4;0.86
C170942;4;5;1.15
C170942;5;6;0.85
C170942;6;7;1.09
C170942;7;8;1.25
C170942;8;9;1.23
C170942;9;10;2.02
C170942;10;11;2.28
C170942;11;12;2.07
C170942;12;12.55;2.33
C170942;12.55;13;1.83
C170942;13;14;2.54
C170942;14;15;2.29
C170942;15;15.7;2.25
C170942;15.7;16;1.36
C170942;16;17;1.79
C170942;17;18;1.38
C170942;18;19;0.69
C170942;19;20;0.51
C170942;20;20.6;1.48
C170942;20.6;21;1.02
C170942;21;22;1.16
C170942;22;23;1.14
C170942;23;24;0.92
C170942;24;25;0.41
C170942;25;26;0.9
C170942;26;27;1.46
C170942;27;28;1.26
C170942;28;29;0.81
C170942;29;30;1.95
C170942;30;30.55;1.31
C170942;30.55;31;1.5
C170942;31;32;1.36
C170942;32;33;0.42
C170943;0;1;0.7
C170943;1;2;1.09
C170943;2;3;1.12
C170943;3;4;1.13
C170943;4;5;1.1
C170943;5;6;1.29
C170943;6;7;1.21
C170943;7;8;1.1
C170943;8;9;1.29
C170943;9;10;1.11
C170943;10;11;1.78
C170943;11;12;3.22
C170943;12;12.75;3.47
C170943;12.75;13;3.06
C170943;13;14;2.65
C170943;14;15;2.45
C170943;15;16;2.35
C170943;16;16.5;1.93
C170943;16.5;17;1.84
C170943;17;18;2.26
C170943;18;19;2.51
C170943;19;20;0.97
C170943;20;21;0.96
C170943;21;22;1.29
C170943;22;23;1.92
C170943;23;24;1.9
C170943;24;25;1.82
C170943;25;26;1.44
C170943;26;26.5;1.54
C170944;0;1;0.76
C170944;1;2;0.82
C170944;2;3;0.92
C170944;3;4;0.9
C170944;4;5;1.01
C170944;5;6;1.21
C170944;6;7;1.81
C170944;7;8;1.16
C170944;8;8.3;1.12
C170944;8.3;8.6;0.92
C170944;8.6;9;1.75
C170944;9;10;1.62
C170944;10;11;2.03
C170944;11;11.45;1.76
C170944;11.45;12;1.86
C170944;12;12.65;1.87
C170944;12.65;13;1.42
C170944;13;14;1.72
C170944;14;15;2.02
C170944;15;15.25;2.34
C170944;15.25;16;1.87
C170944;16;17;1.71
C170944;17;18;1.36
C170944;18;19;1.38
C170944;19;20;1.16
C170944;20;21;0.67
C170944;21;22;0.34
C170945;0;1;0.33
C170945;1;2;0.53
C170945;2;3;0.68
C170945;3;4;0.76
C170945;4;5;0.65
C170945;5;6;0.65
C170945;6;7;0.65
C170945;7;8;0.66
C170945;8;9;1.37
C170945;9;10;1.37
C170945;10;11;0.66
C170945;11;11.7;0.66
C170945;11.7;12;2.93
C170945;12;13;0.4
C170945;13;14;1.37
C170945;14;15;1.38
C170945;15;16;0.4
C170945;16;17;1.27
C170945;17;18;0.42
C170945;18;19;1.38
C170945;19;20;0.42
C170945;20;21;0.42
C170945;21;22;1.39
C170945;22;23;1.33
C170945;23;24;1.81
C170945;24;24.75;1.52
C170945;24.75;25;1.27
C170945;25;26;0.43
C170945;26;27;0.49
C170945;27;28;0.43
C170945;28;29;0.56
C170945;29;30;0.48
C170946;0;1;0.9
C170946;1;2;0.58
C170946;2;3;0.78
C170946;3;4;0.79
C170946;4;5;1.34
C170946;5;6;1.39
C170946;6;7;1.4
C170946;7;8;1.64
C170946;8;9;1.87
C170946;9;9.3;1.54
C170946;9.3;10;0.76
C170946;10;10.55;1.27
C170946;10.55;11;1.29
C170946;11;12;1.23
C170946;12;12.35;0.81
C170946;12.35;13;0.39
C170946;13;14;0.32
C170946;14;15;0.54
C170952;0.25;1;0.81
C170952;1;2;0.84
C170952;2;3;0.76
C170952;3;4;0.66
C170952;4;5;0.6
C170952;5;6;0.63
C170952;6;7;0.67
C170952;7;8;0.56
C170952;8;8.4;0.92
C170952;8.4;9;1.15
C170952;9;10;0.71
C170952;10;11;0.67
C170952;11;12;0.85
C170952;12;13;0.89
C170952;13;14;0.79
C170952;14;15;0.81
C170952;15;16;0.97
C170952;16;17;0.92
C170952;17;18;1.35
C170952;18;19;2.43
C170952;19;20;1.83
C170952;20;21;2.05
C170952;21;22;2.29
C170952;22;22.4;1.12
C170952;22.4;22.75;2.33
C170952;22.75;23;2.62
C170952;23;24;2.23
C170952;24;24.4;2.04
C170952;24.4;25;2.41
C170952;25;26;2.08
C170952;26;27;2.19
C170953;0;1;0.55
C170953;1;2;0.48
C170953;2;3;0.52
C170953;3;4;0.63
C170953;4;5;0.81
C170953;5;6;1.26
C170953;6;7;1.61
C170953;7;8;1.76
C170953;8;9;2.04
C170953;9;10;2.15
C170953;10;11;1.9
C170953;11;12;2.2
C170953;12;13;2.05
C170953;13;14;1.79
C170953;14;15;0.85
C170953;15;16;0.88
C170953;16;17;0.34
C170954;0;1;0.77
C170954;1;2;1.03
C170954;2;3;1.02
C170954;3;4;1.05
C170954;4;5;1.16
C170954;5;6;1.28
C170954;6;7;1.01
C170954;7;8;1.24
C170954;8;9;1.56
C170954;9;10;1.6
C170954;10;11;1.03
C170954;11;11.55;1.57
C170954;11.55;12;1.75
C170954;12;12.25;1.69
C170954;12.25;12.55;1.14
C170954;12.55;13;1.18
C170954;13;13.45;1.52
C170954;13.45;14;1.66
C170954;14;15;1.56
C170954;15;16;0.89
C170954;16;17;0.35
C170954;17;18;0.32
C170954;18;19;0.31
C170954;19;19.5;0.28
C170955;0;1;0.86
C170955;1;2;0.7
C170955;2;3;0.68
C170955;3;4;0.7
C170955;4;5;0.83
C170955;5;6;0.73
C170955;6;7;0.7
C170955;7;8;0.85
C170955;8;9;0.64
C170955;9;10;0.7
C170955;10;11;0.63
C170955;11;12;0.86
C170955;12;13;1.2
C170955;13;14;1.09
C170955;14;15;1.32
C170955;15;16;1.23
C170955;16;17;1.33
C170955;17;18;1.41
C170955;18;18.65;1.41
C170955;18.65;19;2.13
C170955;19;20;1.87
C170955;20;20.2;1.35
C170955;20.2;21;1.27
C170955;21;22;0.93
C170955;22;23;1.57
C170956;0;1;0.61
C170956;1;2;0.67
C170956;2;3;0.57
C170956;3;4;0.88
C170956;4;5;0.68
C170956;5;6;0.83
C170956;6;7;1.08
C170956;7;8;0.86
C170956;8;9;1.22
C170956;9;10;0.77
C170956;10;11;0.69
C170956;11;12;0.69
C170956;12;13;0.85
C170956;13;14;0.95
C170956;14;15;0.85
C170956;15;16;1.35
C170956;16;17;1.45
C170956;17;18;2.38
C170956;18;19;2.35
C170956;19;20;2.45
C170956;20;21;1.42
C170956;21;22;1.45
C170956;22;23;2.71
C170956;23;24;2.41
C170956;24;25;2.64
C170956;25;25.6;2.73
C170956;25.6;26;1.73
C170956;26;27;2.73
C170956;27;27.8;2.47
C170956;27.8;28;1.97
C170956;28;28.4;2.19
C170956;28.4;28.7;2.43
C170956;28.7;29;1.72
C170956;29;30;1.77
C170957;0;1;0.65
C170957;1;2;0.68
C170957;2;3;0.65
C170957;3;4;0.81
C170957;4;5;0.96
C170957;5;6;1.16
C170957;6;7;1.31
C170957;7;8;4.28
C170957;8;9;1.3
C170957;9;10;1.22
C170957;10;11;1.23
C170957;11;12;1.22
C170957;12;13;1.23
C170957;13;14;1.56
C170957;14;15;1.91
C170957;15;16;2.63
C170957;16;17;2.69
C170957;17;18;2.36
C170957;18;19;2.34
C170957;19;20;2.92
C170957;20;21;3.18
C170957;21;22;2.86
C170958;0;1;0.59
C170958;1;2;0.59
C170958;2;3;0.77
C170958;3;4;1
C170958;4;5;1.16
C170958;5;6;1.01
C170958;6;7;0.94
C170958;7;8;0.85
C170958;8;9;0.96
C170958;9;10;1.19
C170958;10;11;1.9
C170958;11;12;1.16
C170958;12;13;1.51
C170958;13;14;1.46
C170958;14;15;1.34
C170958;15;16;1.38
C170958;16;17;1.41
C170958;17;18;1.55
C170958;18;19;1.81
C170958;19;20;1.53
C170958;20;21;1.88
C170958;21;22;2.67
C170958;22;22.5;3.57
C170958;22.5;23;2.34
C170958;23;24;1.44
C170958;24;24.4;3.71
C170958;24.4;24.6;3.37
C170958;24.6;25;3.93
C170958;25;26;2.85
C170958;26;27;2.48
C170958;27;28;1.99
C170958;28;29;0.93
C170958;29;30;0.39
C170958;30;30.5;0.45
C170959;0;1;0.66
C170959;1;2;0.76
C170959;2;3;0.91
C170959;3;4;0.92
C170959;4;5;0.92
C170959;5;6;1.01
C170959;6;7;1.12
C170959;7;8;0.95
C170959;8;9;1.22
C170959;9;10;1.27
C170959;10;11;1.91
C170959;11;12;3.19
C170959;12;13;3.27
C170959;13;13.25;1.09
C170959;13.25;14;2.73
C170959;14;15;2.95
C170959;15;16;2.58
C170959;16;17;2.46
C170959;17;18;2.28
C170959;18;19;1.97
C170959;19;20;1.82
C170959;20;21;1.32
C170959;21;21.25;1.7
C170959;21.25;22;2.11
C170959;22;22.35;1.87
C170959;22.35;22.65;2.18
C170959;22.65;23;1.45
C170959;23;24;1.82
C170959;24;25;2.25
C170959;25;26;2.02
C170959;26;27;1.91
C170959;27;28;2.42
C170959;28;29;1.51
C170959;29;30;2.19
C170959;30;31;3.01
C170959;31;32;3.22
C170959;32;33;2.27
C170959;33;34;2.53
C170959;34;35;2.35
C170959;35;36;2.37
C170959;36;37;2.62
C170959;37;38;2.35
C170959;38;38.75;1.6
C170959;38.75;39;2.53
C170959;39;40;2.3
C170959;40;41;1.82
C170959;41;42;1.28
C170959;42;43;0.32
C170959;43;44;0.31
C170959;44;44.5;0.3
C170960;0;1;0.67
C170960;1;2;0.79
C170960;2;3;0.88
C170960;3;4;1.14
C170960;4;5;1.03
C170960;5;6;0.92
C170960;6;7;0.93
C170960;7;8;0.9
C170960;8;9;1.07
C170960;9;9.5;1.85
C170960;9.5;10;1.51
C170960;10;10.55;1.14
C170960;10.55;11;2.61
C170960;11;11.4;2.28
C170960;11.4;12;1.64
C170960;12;12.75;1.36
C170960;12.75;13;2
C170960;13;14;1.84
C170960;14;15;1.59
C170960;15;16;1.58
C170960;16;17;1.37
C170960;17;18;1.56
C170960;18;19;1.28
C170960;19;20;0.97
C170960;20;21;0.98
C170960;21;22;0.41
C170960;22;23;0.32
C170960;23;24;0.58
C170960;24;24.4;1.5
C170960;24.4;25;1.58
C170960;25;26;1.38
C170960;26;27;0.62
C170960;27;28;0.42
C170960;28;29;0.46
C170960;29;30;1.6
C170960;30;31;1.42
C170960;31;32;1.12
C170960;32;33;0.53
C170960;33;34;0.37
C170960;34;35;0.37
C170960;35;36;0.29
C171048;0;1;0.42
C171048;1;2;0.42
C171048;2;3;0.72
C171048;3;4;0.91
C171048;4;5;1.11
C171048;5;6;1.16
C171048;6;7;1.14
C171048;7;8;2.34
C171048;8;8.5;2.91
C171048;8.5;9;3.36
C171048;9;10;3.41
C171048;10;10.8;3.24
C171048;10.8;11;3.68
C171048;11;11.4;2.18
C171048;11.4;12;2.11
C171048;12;13;2.45
C171048;13;13.35;2.33
C171048;13.35;14;2.22
C171048;14;15;2.95
C171048;15;16;2.88
C171048;16;17;2.69
C171048;17;17.4;2.54
C171048;17.4;18;2.55
C171048;18;18.4;2.23
C171048;18.4;19;2
C171048;19;20;1.77
C171048;20;21;1.5
C171048;21;22;1.66
C171048;22;23;1.22
C171048;23;23.5;1.09
C171048;23.5;24;0.53
C171048;24;25;0.83
C171048;25;26;0.4
C171048;26;27;0.41
C171048;27;28;0.46
C171048;28;28.5;0.34
C171056;0;1;1.29
C171056;1;1.4;1.1
C171056;1.4;2;1.4
C171056;2;2.45;1.55
C171056;2.45;3;0.94
C171056;3;3.5;1.33
C171056;3.5;4;1.2
C171056;4;4.4;1.29
C171056;4.4;5;1.39
C171056;5;6;1.2
C171056;6;7;1.25
C171056;7;8;0.69
C171056;8;8.5;0.61
C171056;8.5;9;0.65
C171056;9;10;0.53
C185611;0;1;0.43
C185611;1;2;0.53
C185611;2;3;0.81
C185611;3;4;0.85
C185611;4;5;0.91
C185611;5;6;0.97
C185611;6;7;0.89
C185611;7;8;0.69
C185611;8;9;0.66
C185611;9;10;0.68
C185611;10;11;0.9
C185611;11;12.46;1.67
C185611;12.46;13;1.46
C185611;13;14;1.57
C185611;14;14.3;2.02
C185611;14.3;14.79;3.09
C185611;14.79;15;1.47
C185611;15;16;0.86
C185611;16;17;0.62
C185619;0;1;0.5
C185619;1;2;0.72
C185619;2;3;1.03
C185619;3;4;1.24
C185619;4;5;1.1
C185619;5;6;1.16
C185619;6;7;1.11
C185619;7;8;1.15
C185619;8;9;1.09
C185619;9;10;1.18
C185619;10;11;1.25
C185619;11;12;1.84
C185619;12;13;2.41
C185619;13;14;2.83
C185619;14;14.42;2.5
C185619;14.42;14.72;2.5
C185619;14.72;15;2.56
C185619;15;15.68;2.03
C185619;15.68;16;2.37
C185619;16;17;2.31
C185619;17;17.5;2.66
C185619;17.5;18;2.7
C185619;18;19;2.25
C185619;19;20;2.01
C185619;20;21;1.64
C185619;21;22;0.55
C185619;22;23;1.15
C185640;0;1;0.55
C185640;1;2;0.16
C185640;2;3;0.14
C185640;3;4;0.19
C185640;4;5;0.26
C185640;5;6;0.3
C185640;6;7;0.24
C185640;7;8;0.32
C185640;8;9;0.4
C185640;9;10;0.48
C185640;10;11;0.43
C185640;11;12;0.42
C185640;12;13;0.48
C185640;13;14;0.92
C185640;14;15;1.23
C185640;15;16;1.53
C185640;16;17;1.27
C185640;17;18;1.45
C185640;18;19;1.67
C185640;19;20;0.78
C185640;20;21;1.26
C185640;21;22;1.19
C185640;22;23;1.26
C185640;23;24;1.04
C185640;24;25;1.65
C185640;25;26;1.74
C185640;26;27;1.6
C185640;27;28;1.37
C185640;28;29;1.04
C185640;29;30;0.87
C185640;30;31;1.28
C185640;31;31.27;0.89
C185640;31.27;32;1.34
C185640;32;33;1.35
C185640;33;33.51;1.56
C185640;33.51;34;1.39
C185640;34;34.43;1.57
C185640;34.43;35;1.02
C185640;35;36;1.2
C185640;36;37;0.94
C185640;37;37.5;0.89
C185641;0;1;0.7
C185641;1;2;1.01
C185641;2;3;1.04
C185641;3;4;0.95
C185641;4;5;0.64
C185641;5;6;1
C185641;6;7;1.38
C185641;7;8;1.4
C185641;8;9;1.39
C185641;9;10;1.45
C185641;10;11;1.33
C185641;11;12;1.16
C185641;12;13;1
C185641;13;14;1.11
C185641;14;15;1.16
C185641;15;16;1.56
C185641;16;17;2.18
C185641;17;18;3.25
C185641;18;19;3.25
C185641;19;20;3.01
C185641;20;21;2.43
C185641;21;22;1.66
C185641;22;23;1.69
C185641;23;24;1.67
C185641;24;25;1.71
C185641;25;26;1.52
C185641;26;26.38;3.1
C185641;26.38;27;3.2
C185641;27;28;3.05
C185641;28;29;1.1
C185643;0;1;0.56
C185643;1;2;0.7
C185643;2;3;0.75
C185643;3;4;0.66
C185643;4;5;0.62
C185643;5;6;0.63
C185643;6;7;0.73
C185643;7;8;0.88
C185643;8;9;0.65
C185643;9;10;0.52
C185643;10;11;0.88
C185643;11;12;0.55
C185643;12;13;0.69
C185643;13;14;1.22
C185643;14;15;1.12
C185643;15;16;1.27
C185643;16;17;0.96
C185643;17;18;1.3
C185643;18;19;1.04
C185643;19;20;1.32
C185643;20;21;1.85
C185643;21;22;1.7
C185643;22;23;1.46
C185643;23;24;1.52
C185643;24;25;1.49
C185643;25;26;1.52
C185643;26;27;1.19
C185645;0;1;0.87
C185645;1;2;1.01
C185645;2;3;1.16
C185645;3;4;1.14
C185645;4;5;1.17
C185645;5;6;1.25
C185645;6;7;1.35
C185645;7;8;1.39
C185645;8;9;1.35
C185645;9;10;1.45
C185645;10;11;1.54
C185645;11;12;1.69
C185645;12;13;1.65
C185645;13;14;1.81
C185645;14;15;1.68
C185645;15;16;2.19
C185645;16;17;2.53
C185645;17;18;2.3
C185645;18;19;2.52
C185645;19;20;2.12
C185645;20;21;1.06
C185649;0;1;0.81
C185649;1;2;1.03
C185649;2;3;1.05
C185649;3;4;1.27
C185649;4;5;1.3
C185649;5;6;1.43
C185649;6;7;1.53
C185649;7;8;1.51
C185649;8;9;1.55
C185649;9;10;1.44
C185649;10;11;1.21
C185649;11;12;1.31
C185649;12;13;1.57
C185649;13;14;1.6
C185649;14;15;1.79
C185649;15;16;1.44
C185649;16;17;1.74
C185649;17;18;1.7
C185649;18;19;2.37
C185649;19;20;2.12
C185649;20;21;1.62
C185649;21;22;0.71
C185649;22;23;1.76
C185649;23;24;1.78
C185649;24;25;1.77
C185649;25;26;2.55
C185649;26;27;2.29
C185649;27;27.7;2.57
C185649;27.7;28;2.78
C185649;28;29;1.22
C185649;29;30;0.38
C185649;30;31;0.29
C185649;31;32;0.9
C185649;32;32.4;0.35
C185650;0;1;0.21
C185650;1;2;0.26
C185650;2;3;0.88
C185650;3;4;1.1
C185650;4;5;1.08
C185650;5;6;0.98
C185650;6;7;1.21
C185650;7;8;1.56
C185650;8;9;1.21
C185650;9;10;1.15
C185650;10;11;1.21
C185650;11;11.21;1.44
C185650;11.21;11.42;1.07
C185650;11.42;12;1.56
C185650;12;13;1.85
C185650;13;13.34;1.06
C185650;13.34;13.81;1.13
C185650;13.81;14;0.84
C185650;14;15;0.45
C185650;15;16;0.3
C185650;16;17;0.24
C185650;17;17.3;0.25
C185655;0;1;0.55
C185655;1;2;0.81
C185655;2;3;0.95
C185655;3;4;0.74
C185655;4;5;0.77
C185655;5;6;0.92
C185655;6;7;1.09
C185655;7;8;0.93
C185655;8;9;1
C185655;9;10;0.82
C185655;10;11;1.01
C185655;11;12;1.45
C185655;12;13;3.34
C185655;13;14;2.81
C185655;14;15;1.4
C185655;15;16;1.72
C185655;16;17;1.81
C185655;17;18;2.35
C185655;18;19;1.16
C185655;19;20;1.03
C185655;20;21;1.18
C185656;0;1;0.35
C185656;1;2;0.34
C185656;2;3;0.28
C185656;3;4;0.27
C185656;4;5;0.36
C185656;5;6;0.45
C185656;6;7;0.43
C185656;7;8;0.54
C185656;8;9;1.72
C185656;9;10;2.32
C185656;10;11;1.52
C185656;11;12;1.41
C185656;12;13;1.52
C185656;13;14;1.72
C185656;14;15;2.32
C185656;15;16;1.72
C185656;16;17;1.56
C185656;17;18;0.78
C185656;18;19;0.94
C185656;19;20;1.15
C185656;20;21;1.39
C185656;21;22;0.7
C185656;22;23;0.3
C185656;23;23.25;0.32
C185657;0;1;0.64
C185657;1;2;0.66
C185657;2;3;0.94
C185657;3;4;1.22
C185657;4;5;1.49
C185657;5;5.25;2.67
C185657;5.25;6;2.26
C185657;6;7;2.41
C185657;7;8;2.06
C185657;8;8.5;1.74
C185657;8.5;9;1.73
C185657;9;10;0.42
C185657;10;11;0.24
C185657;11;11.78;0.23
C185665;0;1;0.61
C185665;1;2;0.85
C185665;2;3;0.62
C185665;3;4;0.78
C185665;4;5;1.02
C185665;5;6;1.09
C185665;6;7;1.82
C185665;7;8;1.46
C185665;8;9;1.34
C185665;9;10;0.73
C185665;10;10.17;0.7
C185665;10.17;11;0.59
C185665;11;12;0.72
C185665;12;12.58;1.07
C185665;12.58;13;0.52
C185665;13;13.24;0.86
C185665;13.24;14;0.76
C185665;14;15;0.41
C185665;15;16;0.65
C185666;0;1;0.55
C185666;1;2;0.62
C185666;2;3;0.58
C185666;3;4;0.54
C185666;4;5;0.53
C185666;5;6;0.54
C185666;6;7;0.47
C185666;7;8;0.49
C185666;8;9;0.79
C185666;9;10;0.81
C185666;10;11;0.74
C185666;11;12;0.61
C185666;12;13;0.88
C185666;13;14;1.67
C185666;14;15;2.12
C185666;15;15.23;2.3
C185666;15.23;16;1.08
C185666;16;17;0.65
C185666;17;18;0.64
C185666;18;18.24;1.04
C185667;0;1;0.45
C185667;1;2;0.38
C185667;2;3;0.37
C185667;3;4;0.72
C185667;4;5;0.89
C185667;5;6;0.79
C185667;6;7;0.8
C185667;7;8;0.91
C185667;8;9;0.71
C185667;9;10;1.65
C185667;10;11;1.51
C185667;11;12;2.55
C185667;12;13;2.77
C185667;13;14;1.97
C185667;14;15;1.96
C185667;15;16;1.47
C185667;16;17;0.61
C185667;17;18;0.52
C185667;18;19;0.39
C185667;19;19.6;0.27
C185668;0;1;0.87
C185668;1;2;1.14
C185668;2;3;1.28
C185668;3;4;1.18
C185668;4;5;1.19
C185668;5;6;1.11
C185668;6;7;1.23
C185668;7;8;1.24
C185668;8;9;1.06
C185668;9;10;1.16
C185668;10;11;1.39
C185668;11;12;2.1
C185668;12;13;2.33
C185668;13;14;3.02
C185668;14;14.35;3.93
C185668;14.35;14.61;3.41
C185668;14.61;15;3.56
C185668;15;16;2.84
C185668;16;17;2.85
C185668;17;18;2.17
C185668;18;19;1.78
C185668;19;20;1.52
C185668;20;21;1.22
C185668;21;22;1.59
C185668;22;23;2.29
C185668;23;24;2.09
C185668;24;24.69;2.85
C185668;24.69;25;3.15
C185668;25;25.48;2.75
C185668;25.48;25.8;2.7
C185668;25.8;26;2.59
C185668;26;26.55;2.53
C185668;26.55;26.8;2.19
C185668;26.8;27;1.93
C185668;27;28;2.52
C185668;28;28.64;2.41
C185668;28.64;29;2.32
C185668;29;30;1.32
C185668;30;31;0.33
C185668;31;32;0.26
C185668;32;33;0.3
C185668;33;34;0.26
C185668;34;35;0.27
C185668;35;36;0.24
C185668;36;36.3;0.22
C185669;0;1;0.51
C185669;1;2;0.98
C185669;2;3;1
C185669;3;4;0.99
C185669;4;5;1.19
C185669;5;6;1.16
C185669;6;7;1.18
C185669;7;8;1.27
C185669;8;9;1.66
C185669;9;10;1.38
C185669;10;11;1.96
C185669;11;12;2.79
C185669;12;13;3.01
C185669;13;13.22;2.86
C185669;13.22;14;3.05
C185669;14;15;1.94
C185669;15;16;1.97
C185669;16;16.31;2.68
C185669;16.31;16.83;2.41
C185669;16.83;17;3.06
C185669;17;17.45;2.63
C185669;17.45;18;1.7
C185669;18;19;1.91
C185669;19;20;2.02
C185670;0;1;0.36
C185670;1;2;1.06
C185670;2;3;1.03
C185670;3;4;1.09
C185670;4;5;1.04
C185670;5;6;1
C185670;6;7;0.81
C185670;7;8;1.18
C185670;8;9;1.15
C185670;9;10;1.16
C185670;10;11;0.88
C185670;11;12;1.21
C185670;12;13;1.95
C185670;13;14;2.1
C185670;14;15;2.6
C185670;15;16;1.61
C185670;16;17;0.35
C185670;17;18;0.34
C185671;0;1;0.91
C185671;1;2;1
C185671;2;3;1.18
C185671;3;4;1.01
C185671;4;5;1.42
C185671;5;6;0.94
C185671;6;6.7;1.35
C185671;6.7;7;0.69
C185671;7;8;0.32
C185671;8;9;0.46
C185671;9;9.3;1.21
C185671;9.3;9.52;2.61
C185671;9.52;9.75;1.84
C185671;9.75;10;2.6
C185671;10;10.3;2.19
C185671;10.3;10.5;1.42
C185671;10.5;10.75;1.38
C185671;10.75;11;2.41
C185671;11;12;1.63
C185671;12;12.65;1.63
C185671;12.65;13;1.19
C185671;13;14;1.24
C185671;14;15;0.63
C185671;15;16;0.63
C185671;16;17;1.14
C185672;0;1;0.79
C185672;1;2;0.77
C185672;2;3;0.88
C185672;3;4;1.37
C185672;4;5;2.36
C185672;5;6;2.19
C185672;6;6.52;2.33
C185672;6.52;7;184
C185672;7;8;0.21
C185672;8;9;0.22
C185672;9;10;0.26
C185672;10;10.45;0.24
C185673;0;1;0.4
C185673;1;2;0.73
C185673;2;3;0.87
C185673;3;4;1
C185673;4;5;1.08
C185673;5;6;1.13
C185673;6;7;1.39
C185673;7;8;1.18
C185673;8;9;1.05
C185673;9;10;1.37
C185673;10;11;1.84
C185673;11;12;1.57
C185673;12;13;1.91
C185673;13;14;2.06
C185673;14;14.77;2.02
C185673;14.77;15;1.45
C185673;15;16;0.89
C185673;16;17;0.26
C185673;17;18;0.25
C185676;0;1;0.71
C185676;1;2;0.83
C185676;2;3;1.1
C185676;3;4;1.03
C185676;4;5;2.15
C185676;5;6;2.06
C185676;6;7;1.93
C185676;7;8;1.76
C185676;8;9;0.71
C185676;9;10;0.24
C185676;10;11;0.25
C185687;0;1;0.54
C185687;1;2;0.63
C185687;2;3;0.72
C185687;3;4;1.04
C185687;4;5;1.27
C185687;5;6;1.18
C185687;6;7;0.9
C185687;7;8;0.92
C185687;8;9;0.81
C185687;9;10;0.88
C185687;10;11;0.72
C185687;11;12;0.57
C185687;12;13;0.53
C185687;13;14;1.15
C185687;14;15;1.32
C185687;15;16;1.55
C185687;16;17;1.63
C185687;17;18;1.55
C185687;18;19;2.4
C185687;19;20;2.29
C185687;20;21;2.72
C185687;21;22;3.17
C185687;22;23;2.04
C185687;23;24;1.58
C185687;24;25;1.44
C185687;25;26;1.5
C185687;26;27;1.07
C185687;27;27.44;0.85
C185687;27.44;28;1.97
C185687;28;29;2.31
C185687;29;30;2.69
C185687;30;30.56;2.52
C185687;30.56;31;1.84
C185687;31;32;1.61
C185687;32;33;1.54
C185687;33;34;1.83
C185687;34;34.3;1.78
C185687;34.3;35;1
C185687;35;36;1.37
C185687;36;36.35;0.94
C185687;36.35;37;0.38
C185687;37;38;0.49
C185687;38;38.3;1.08
C185688;0;1;0.18
C185688;1;2;0.36
C185688;2;3;0.43
C185688;3;4;0.48
C185688;4;5;0.67
C185688;5;6;0.8
C185688;6;7;1.33
C185688;7;8;1.5
C185688;8;9;1.63
C185688;9;10;1.77
C185688;10;11;1.78
C185688;11;12;1.39
C185688;12;13;1.32
C185688;13;14;2.06
C185688;14;15;1.62
C185688;15;16;2.7
C185688;16;17;3.05
C185688;17;18;2.85
C185688;18;19;2.5
C185688;19;20;1.84
C185688;20;21;1.62
C185688;21;22;1.95
C185688;22;23;2.53
C185688;23;24;1.54
C185688;24;25;2.17
C185688;25;25.3;2.12
C185688;25.3;26;1.71
C185688;26;27;1.57
C185688;27;28;0.85
C185689;0;1;0.62
C185689;1;2;0.88
C185689;2;3;1.07
C185689;3;4;1.2
C185689;4;5;1.2
C185689;5;6;1.16
C185689;6;7;1.08
C185689;7;8;1.08
C185689;8;9;1.23
C185689;9;10;2.14
C185689;10;11;1.98
C185689;11;12;2.05
C185689;12;13;2.38
C185689;13;14;2.49
C185689;14;15;2.19
C185689;15;16;2.51
C185689;16;17;2.48
C185689;17;18;2.37
C185689;18;19;1.85
C185689;19;19.55;1.79
C185689;19.55;20;1.94
C185689;20;21;1.92
C185689;21;22;1.03
C185689;22;23;0.25
C185689;23;23.65;0.28
C185692;0;1;0.6
C185692;1;2;0.66
C185692;2;3;0.97
C185692;3;4;0.87
C185692;4;5;0.98
C185692;5;6;1.2
C185692;6;7;1.06
C185692;7;8;1.06
C185692;8;9;0.91
C185692;9;10;1.08
C185692;10;11;1.27
C185692;11;12;1.95
C185692;12;13;3.11
C185692;13;13.47;0.66
C185692;13.47;14;1.86
C185692;14;15;3.31
C185692;15;16;2.08
C185692;16;17;1.78
C185692;17;17.27;1.58
C185692;17.27;18;0.51
C185692;18;19;0.4
C185692;19;19.6;0.29
C185693;0;1;0.59
C185693;1;2;0.84
C185693;2;3;0.73
C185693;3;4;0.7
C185693;4;5;0.93
C185693;5;6;1.37
C185693;6;7;1.77
C185693;7;8;1.74
C185693;8;9;2.09
C185693;9;10;2.16
C185693;10;10.44;1.25
C185693;10.44;11;1.49
C185693;11;12;1.81
C185693;12;13;1.8
C185693;13;14;1.76
C185693;14;15;1.18
C185693;15;16;1.29
C185693;16;17;1.41
C185694;0;1;0.88
C185694;1;2;0.91
C185694;2;3;0.86
C185694;3;3.46;1.22
C185694;3.46;4;2.76
C185694;4;5;2.44
C185694;5;6;2.2
C185694;6;7;2.1
C185694;7;7.49;2.09
C185694;7.49;8;2.22
C185694;8;8.74;2.31
C185694;8.74;9;2.18
C185694;9;9.41;2.13
C185694;9.41;10;2.17
C185694;10;11;2.35
C185694;11;12;2.54
C185694;12;13;2.44
C185694;13;14;2.42
C185695;0;1;0.6
C185695;1;2;0.76
C185695;2;3;1.35
C185695;3;4;1.2
C185695;4;5;1.3
C185695;5;6;1.94
C185695;6;7;2.05
C185695;7;8;1.92
C185695;8;9;1.76
C185695;9;10;1.66
C185695;10;10.26;1.82
C185695;10.26;11;1.11
C185695;11;11.23;1.17
C185695;11.23;12;1
C185695;12;12.53;0.79
C185695;12.53;13;0.45
C185695;13;14;0.26
C185695;14;15;0.29
C185740;0;1;0.72
C185740;1;2;0.87
C185740;2;3;1.14
C185740;3;4;1.35
C185740;4;5;1.25
C185740;5;6;0.86
C185740;6;7;1.64
C185740;7;8;2.36
C185740;8;9;2.98
C185740;9;10;2.64
C185740;10;11;2.19
C185740;11;11.71;1.94
C185740;11.71;12;1.99
C185740;12;12.37;1.74
C185740;12.37;12.58;1.7
C185740;12.58;13;1.72
C185740;13;13.35;1.72
C185740;13.35;14;1.38
C185740;14;15;1.13
C185740;15;15.35;0.45
C185740;15.35;16;0.41
C185740;16;17;0.34
C185740;17;18;0.33
C185740;18;19;0.23
C185741;0;1;0.13
C185741;1;2;0.12
C185741;2;3;0.07
C185741;3;4;0.11
C185741;4;5;0.28
C185741;5;6;0.26
C185741;6;7;0.22
C185741;7;8;0.28
C185741;8;9;0.26
C185741;9;10;0.21
C185741;10;11;0.25
C185741;11;12;0.72
C185741;12;13;1.11
C185741;13;14;1.2
C185741;14;15;0.9
C185741;15;16;1.06
C185741;16;17;1.08
C185741;17;18;1.06
C185741;18;19;1.01
C185741;19;20;1.25
C185741;20;21;1.18
C185741;21;22;1.33
C185741;22;23;1.71
C185741;23;24;1.72
C185741;24;24.28;1.05
C185741;24.28;24.68;1.88
C185741;24.68;25;2.01
C185741;25;25.75;1.5
C185741;25.75;26;1.21
C185741;26;26.32;0.83
C185741;26.32;27;0.57
C185741;27;27.37;0.42
C185741;27.37;28;0.71
C185741;28;29;0.39
C185741;29;30;0.6
C185741;30;30.6;0.39
C185742;0;1;0.34
C185742;1;2;0.3
C185742;2;3;0.82
C185742;3;4;0.89
C185742;4;5;0.98
C185742;5;6;0.93
C185742;6;7;1.02
C185742;7;8;0.88
C185742;8;9;0.93
C185742;9;10;1.09
C185742;10;11;1.17
C185742;11;12;1.17
C185742;12;13;1.57
C185742;13;14;2.18
C185742;14;15;2.77
C185742;15;16;3.12
C185742;16;16.71;3.27
C185742;16.71;17;2.67
C185742;17;17.67;2.47
C185742;17.67;18;2.22
C185742;18;18.3;2.23
C185742;18.3;18.55;1.64
C185742;18.55;19;1.23
C185742;19;19.42;1.01
C185742;19.42;20;2.03
C185742;20;21;0.92
C185742;21;22;0.43
C185742;22;23;0.29
C185742;23;24;0.6
C185743;0;1;0.4
C185743;1;2;0.96
C185743;2;3;1.07
C185743;3;4;1.3
C185743;4;5;1.22
C185743;5;6;1.16
C185743;6;7;1.06
C185743;7;8;1.11
C185743;8;9;0.79
C185743;9;10;0.6
C185743;10;11;0.6
C185743;11;12;0.77
C185743;12;13;0.98
C185743;13;14;1.17
C185743;14;15;2.86
C185743;15;15.5;2.12
C185743;15.5;16;1.71
C185743;16;16.53;1.4
C185743;16.53;17;2.31
C185743;17;18;2.4
C185743;18;18.64;1.81
C185743;18.64;19;2.25
C185743;19;19.31;2.01
C185743;19.31;20;2.4
C185743;20;21;2.89
C185743;21;22;2.48
C185743;22;23;1.83
C185743;23;24;2.07
C185743;24;24.25;2.4
C185743;24.25;25;2.5
C185743;25;26;1.64
C185743;26;27;1.69
C185743;27;28;1.75
C185743;28;29;0.89
C185743;29;30;0.7
C185743;30;31;0.24
C185743;31;32;0.23
C185744;0;1;0.32
C185744;1;2;0.98
C185744;2;3;1
C185744;3;4;1.16
C185744;4;5;1.3
C185744;5;6;1.36
C185744;6;7;1.23
C185744;7;8;1.24
C185744;8;9;1.29
C185744;9;10;1.31
C185744;10;11;1.51
C185744;11;12;1.7
C185744;12;13;1.82
C185744;13;14;2.25
C185744;14;15;2.38
C185744;15;16;2.49
C185744;16;17;2.64
C185744;17;17.7;2.74
C185744;17.7;18;2.53
C185744;18;19;2.06
C185744;19;20;1.25
C185744;20;21;0.9
C185744;21;21.32;0.5
C185744;21.32;22;0.32
C185744;22;23;0.24
C185745;0;1;0.53
C185745;1;2;0.75
C185745;2;3;0.88
C185745;3;4;1.19
C185745;4;5;1.21
C185745;5;6;2.03
C185745;6;7;1.85
C185745;7;8;2.06
C185745;8;8.35;2.86
C185745;8.35;9;2.09
C185745;9;10;1.71
C185745;10;10.5;0.83
C185745;10.5;11;0.89
C185745;11;12;1.1
C185745;12;13;1.2
C185783;0;1;0.33
C185783;1;2;0.41
C185783;2;3;0.88
C185783;3;4;1.05
C185783;4;5;0.96
C185783;5;6;0.88
C185783;6;7;0.86
C185783;7;8;0.9
C185783;8;9;1.03
C185783;9;10;1.04
C185783;10;11;1.37
C185783;11;12;1.37
C185783;12;13;1.2
C185783;13;14;2.48
C185783;14;15;2.44
C185783;15;15.8;1.53
C185783;15.8;16;1.63
C185783;16;16.6;1.22
C185783;16.6;17;1.04
C185783;17;18;0.33
C185783;18;19;0.24
C185794;0;1;0.53
C185794;1;2;1.02
C185794;2;3;0.94
C185794;3;4;1.97
C185794;4;5;2.01
C185794;5;6;2.12
C185794;6;6.3;1.45
C185794;6.3;7;1.24
C185794;7;7.45;0.81
C185795;0;1;0.75
C185795;1;2;0.85
C185795;2;3;0.92
C185795;3;4;1.12
C185795;4;5;1.4
C185795;5;6;1.07
C185795;6;7;1.34
C185795;7;8;1.4
C185795;8;9;1.6
C185795;9;10;1.53
C185795;10;11;1.5
C185795;11;12;3.76
C185795;12;13;2.15
C185795;13;14;2.53
C185795;14;15;2.95
C185795;15;16;2.92
C185795;16;17;3
C185795;17;18;2.68
C185795;18;19;2.4
C185795;19;20;2.55
C185795;20;21;2.26
C185795;21;22;2.07
C185795;22;23;1.7
C185795;23;23.55;1.38
C185814;0;1;0.46
C185814;1;2;0.82
C185814;2;3;0.65
C185814;3;4;0.78
C185814;4;5;0.73
C185814;5;6;1.12
C185814;6;7;1.18
C185814;7;8;0.87
C185814;8;9;1.09
C185814;9;10;1.25
C185814;10;11;0.81
C185814;11;12;1
C185814;12;13;1.39
C185814;13;13.35;3.39
C185814;13.35;14;3.86
C185814;14;14.75;4.61
C185814;14.75;15;1.44
C185814;15;15.2;2.2
C185814;15.2;16;2.06
C185814;16;16.8;2.05
C185814;16.8;17;2.23
C185814;17;18;1.92
C185814;18;19;1.72
C185814;19;20;2.06
C185814;20;21;1.21
C185814;21;22;0.44
C185814;22;23;0.5
C185866;0;1;0.54
C185866;1;2;0.76
C185866;2;3;0.76
C185866;3;4;0.74
C185866;4;5;0.78
C185866;5;6;0.48
C185866;6;7;0.61
C185866;7;8;0.74
C185866;8;9;0.81
C185866;9;10;1.11
C185866;10;11;1
C185866;11;12;1.11
C185866;12;13;1.35
C185866;13;14;1.31
C185866;14;15;1.34
C185866;15;16;1.95
C185866;16;17;2.19
C185866;17;17.78;1.72
C185866;17.78;18;1.28
C185866;18;19;1.09
C185866;19;19.72;1.48
C185866;19.72;20;1.32
C185866;20;20.54;1.2
C185866;20.54;20.8;1.23
C185866;20.8;21;1.27
C185866;21;21.27;0.9
C185866;21.27;22;0.36
C185866;22;23;0.3
C185866;23;24;0.21
C185867;0;1;0.58
C185867;1;2;0.74
C185867;2;3;0.89
C185867;3;4;0.97
C185867;4;5;0.95
C185867;5;6;1.15
C185867;6;7;0.74
C185867;7;8;0.67
C185867;8;9;1.03
C185867;9;10;1.07
C185867;10;11;0.89
C185867;11;12;1.02
C185867;12;13;2.95
C185867;13;14;1.59
C185867;14;15;2.35
C185867;15;16;2.32
C185867;16;16.45;2.25
C185867;16.45;16.77;1.74
C185867;16.77;17;2.12
C185867;17;17.83;1.79
C185867;17.83;18;1.79
C185867;18;19;1.32
C185867;19;20;0.36
C185867;20;21;0.24
C185868;0;1;0.53
C185868;1;2;0.92
C185868;2;3;1.08
C185868;3;4;1.13
C185868;4;5;1.14
C185868;5;6;1.1
C185868;6;7;0.94
C185868;7;8;1.37
C185868;8;9;1.49
C185868;9;10;1.55
C185868;10;11;1.04
C185868;11;12;1.03
C185868;12;13;1.49
C185868;13;14;1.58
C185868;14;15;1.62
C185868;15;15.6;1.78
C185868;15.6;16;1.93
C185868;16;17;1.43
C185868;17;17.5;1.11
C185868;17.5;18;0.98
C185868;18;19;0.44
C185868;19;20;0.29
C185868;20;21;0.24
C185868;21;22;0.22
C185869;0;1;0.35
C185869;1;2;0.47
C185869;2;3;0.49
C185869;3;4;0.54
C185869;4;5;0.81
C185869;5;6;0.84
C185869;6;7;1.08
C185869;7;8;0.83
C185869;8;9;1.02
C185869;9;10;1.12
C185869;10;11;1.13
C185869;11;11.37;1.6
C185869;11.37;12;0.39
C185869;12;13;1.36
C185869;13;14;1.05
C185869;14;14.25;1.07
C185869;14.25;15;0.6
C185869;15;15.47;0.55
C185869;15.47;15.74;0.7
C185869;15.74;16;0.75
C185869;16;16.55;0.61
C185869;16.55;17;0.71
C185869;17;17.25;0.49
C185869;17.25;17.75;0.63
C185869;17.75;18;0.53
C185869;18;19;0.39
C185869;19;19.3;0.42
C185869;19.3;19.6;0.47
C185869;19.6;20;0.48
C185869;20;21;0.31
C185869;21;22;0.27
C185870;0;1;1.04
C185870;1;2;0.85
C185870;2;3;0.95
C185870;3;4;0.95
C185870;4;5;1.06
C185870;5;6;1.15
C185870;6;7;1.13
C185870;7;8;0.91
C185870;8;9;0.99
C185870;9;10;1.23
C185870;10;11;2.46
C185870;11;11.3;1.9
C185870;11.3;12;2.05
C185870;12;12.68;1.87
C185870;12.68;13;1.84
C185870;13;13.44;1.01
C185870;13.44;14;1.59
C185870;14;15;1.64
C185870;15;15.67;1.19
C185870;15.67;16;1.52
C185870;16;16.7;1.66
C185870;16.7;17;1.8
C185870;17;17.18;2.15
C185870;17.18;18;2.56
C185870;18;19;1.53
C185870;19;20;1.34
C185870;20;21;1.3
C185872;0;1;0.5
C185872;1;2;1.05
C185872;2;3;1.13
C185872;3;4;0.85
C185872;4;5;0.73
C185872;5;6;0.92
C185872;6;7;0.98
C185872;7;8;0.85
C185872;8;9;0.72
C185872;9;10;0.4
C185872;10;11;0.35
C185872;11;12;1.02
C185872;12;13;1.42
C185872;13;14;1.43
C185872;14;15;1.99
C185872;15;16;2.16
C185872;16;17;2.31
C185872;17;18;2.32
C185872;18;18.25;2.2
C185872;18.25;19;1.62
C185872;19;20;0.96
C185872;20;20.35;1.31
C185872;20.35;20.63;1.55
C185872;20.63;21;0.88
C185872;21;21.68;1.77
C185872;21.68;22;1.04
C185872;22;23;0.31
C185872;23;24;0.22
C185872;24;25;0.24
C185874;0;1;0.52
C185874;1;2;0.7
C185874;2;3;0.81
C185874;3;4;0.76
C185874;4;5;0.73
C185874;5;6;0.48
C185874;6;7;0.69
C185874;7;8;1.3
C185874;8;8.19;1.2
C185874;8.19;8.61;0.4
C185874;8.61;9;1.84
C185874;9;9.66;2.32
C185874;9.66;10;0.84
C185874;10;10.35;1.09
C185874;10.35;10.54;1.57
C185874;10.54;11;1.29
C185874;11;12;0.76
C185874;12;12.6;2.14
C185874;12.6;13;2.67
C185874;13;14;2.3
C185874;14;14.33;2.14
C185874;14.33;15;2.13
C185874;15;16;2.25
C185874;16;17;2.28
C185874;17;17.29;2.01
C185874;17.29;17.5;1.97
C185874;17.5;18;1.64
C185874;18;18.84;0.87
C185874;18.84;19;1.53
C185874;19;20;1.28
C185874;20;21;1.42
C185874;21;22;1.48
C185874;22;22.25;1.46
C185874;22.25;22.65;1.37
C185874;22.65;23;1.43
C185874;23;23.43;1.41
C185874;23.43;24;1.49
C185874;24;25;1.31
C185874;25;26;1.05
C185874;26;26.35;0.93
C185874;26.35;27;0.69
C185874;27;28;0.66
C185874;28;28.4;0.53
C185874;28.4;29;0.38
C185874;29;30;0.24
C185874;30;31;0.21
C185875;0;1;0.49
C185875;1;2;0.29
C185875;2;3;0.13
C185875;3;4;0.27
C185875;4;5;0.35
C185875;5;6;0.72
C185875;6;7;0.67
C185875;7;8;0.67
C185875;8;9;0.69
C185875;9;9.57;0.54
C185875;9.57;10;1
C185875;10;11;0.97
C185875;11;12;1.14
C185875;12;13;1.15
C185875;13;14;1.14
C185875;14;15;1.17
C185875;15;16;1.57
C185875;16;17;1.74
C185875;17;17.48;1.21
C185875;17.48;18;1.16
C185875;18;19;0.96
C185875;19;20;1
C185875;20;21;0.95
C185875;21;22;1.3
C185875;22;23;1.23
C185875;23;24;1.22
C185875;24;24.44;0.99
C185875;24.44;25;1.42
C185875;25;26;1.81
C185875;26;27;1.57
C185875;27;28;1.54
C185875;28;29;1.62
C185875;29;29.76;1.52
C185875;29.76;30;1.2
C185875;30;31;1.19
C185875;31;32;0.97
C185875;32;33;1
C185875;33;34;0.44
C185876;0;1;0.36
C185876;1;2;0.49
C185876;2;3;0.63
C185876;3;4;0.8
C185876;4;5;0.93
C185876;5;6;1.02
C185876;6;7;0.91
C185876;7;8;0.71
C185876;8;9;0.49
C185876;9;9.75;0.4
C185876;9.75;10;0.48
C185876;10;11;0.74
C185876;11;12;0.8
C185876;12;13;0.89
C185876;13;14;0.88
C185876;14;15;1.06
C185876;15;16;1.3
C185876;16;17;1.4
C185876;17;18;1.86
C185876;18;19;1.98
C185876;19;20;2.12
C185876;20;21;1.83
C185876;21;22;1.34
C185876;22;22.3;1.42
C185876;22.3;23;1.29
C185876;23;23.38;1.56
C185876;23.38;24;1.28
C185876;24;25;1.36
C185876;25;25.4;1.48
C185876;25.4;26;1.54
C185876;26;26.7;1.49
C185876;26.7;27;0.74
C185876;27;28;2.24
C185876;28;29;2.79
C185876;29;29.37;2.34
C185876;29.37;30;1.23
C185876;30;30.6;1.42
C185876;30.6;31;1.74
C185876;31;32;1.51
C185876;32;33;1.01
C185876;33;34;0.71
C185876;34;35;0.98
C185877;0;1;0.51
C185877;1;2;0.9
C185877;2;3;1
C185877;3;4;1.07
C185877;4;5;1.21
C185877;5;6;1.27
C185877;6;7;0.91
C185877;7;8;1.1
C185877;8;9;0.98
C185877;9;10;1.37
C185877;10;11;1.23
C185877;11;12;1.24
C185877;12;13;1.52
C185877;13;14;0.94
C185877;14;15;1.95
C185877;15;16;2.03
C185877;16;17;1.53
C185877;17;18;0.84
C185877;18;19;0.45
C185877;19;20;0.67
C185881;0;1;0.26
C185881;1;2;0.82
C185881;2;3;0.71
C185881;3;4;0.71
C185881;4;5;0.93
C185881;5;6;1.11
C185881;6;7;1.19
C185881;7;8;1.13
C185881;8;9;0.97
C185881;9;10;1.23
C185881;10;11;1.36
C185881;11;12;1.56
C185881;12;13;1.14
C185881;13;14;1.49
C185881;14;15;1.82
C185881;15;16;2.11
C185881;16;17;2.64
C185881;17;18;2.61
C185881;18;19;1.78
C185881;19;20;1.67
C185881;20;21;2.95
C185881;21;22;3.15
C185881;22;23;2.77
C185881;23;23.18;2.68
C185881;23.18;24;2.31
C185881;24;24.63;2.45
C185881;24.63;25;2.19
C185881;25;26;2.32
C185881;26;27;2.12
C185881;27;27.27;2.18
C185881;27.27;27.6;2.09
C185881;27.6;28;2.17
C185881;28;28.54;1.93
C185881;28.54;29;2.06
C185881;29;29.23;1.94
C185881;29.23;30;1.91
C185881;30;31;1.7
C185881;31;31.38;1.6
C185881;31.38;32;1.17
C185881;32;32.7;1.22
C185881;32.7;33;1.98
C185881;33;34;1.14
C185881;34;34.75;1.35
C185881;34.75;35;0.73
C185881;35;36;0.32
C185881;36;37;0.21
C185882;0;1;0.76
C185882;1;2;0.35
C185882;2;3;0.34
C185882;3;4;0.45
C185882;4;5;0.74
C185882;5;6;0.82
C185882;6;7;0.95
C185882;7;8;0.97
C185882;8;9;0.95
C185882;9;10;0.97
C185882;10;11;1.12
C185882;11;12;1.07
C185882;12;13;1.59
C185882;13;14;1.88
C185882;14;15;2
C185882;15;16;2.27
C185882;16;17;2.28
C185882;17;18;2.14
C185882;18;19;2.47
C185882;19;20;2.51
C185882;20;20.8;2.14
C185882;20.8;21;1.77
C185882;21;22;1.6
C185882;22;22.2;1.77
C185882;22.2;22.83;1.91
C185882;22.83;23;0.71
C185882;23;24;0.3
C185882;24;25;0.35
C185882;25;26;0.44
C185883;0;1;0.58
C185883;1;2;0.97
C185883;2;3;1.06
C185883;3;4;1.01
C185883;4;5;1.03
C185883;5;6;0.85
C185883;6;7;1
C185883;7;8;0.81
C185883;8;9;0.7
C185883;9;10;0.48
C185883;10;11;0.26
C185883;11;12;0.91
C185883;12;13;1.36
C185883;13;14;1.74
C185883;14;14.75;1.89
C185883;14.75;15;1.76
C185883;15;16;1.72
C185883;16;16.45;1.82
C185883;16.45;16.8;2.04
C185883;16.8;17;2.03
C185883;17;17.24;1.7
C185883;17.24;18;1.9
C185883;18;18.75;1.79
C185883;18.75;19;1.72
C185883;19;19.45;2.13
C185883;19.45;19.75;2.58
C185883;19.75;20;3.2
C185883;20;20.42;2.61
C185883;20.42;20.65;2.45
C185883;20.65;21;2.28
C185883;21;22;2.34
C185883;22;22.17;2.05
C185883;22.17;23;2.14
C185883;23;24;2.1
C185883;24;24.5;1.74
C185883;24.5;25;1.37
C185883;25;25.3;0.98
C185883;25.3;26;1.57
C185883;26;27;0.99
C185883;27;28;0.35
C185884;0;1;0.86
C185884;1;2;1.04
C185884;2;3;0.96
C185884;3;4;1.06
C185884;4;5;1.02
C185884;5;6;0.92
C185884;6;7;1
C185884;7;8;0.79
C185884;8;9;0.66
C185884;9;10;0.71
C185884;10;11;0.72
C185884;11;11.16;0.88
C185884;11.16;11.83;0.61
C185884;11.83;12;0.77
C185884;12;13;0.98
C185884;13;14;2.14
C185884;14;15;2.25
C185884;15;15.25;1.48
C185884;15.25;15.6;1.37
C185884;15.6;16;1.73
C185884;16;17;1.4
C185884;17;17.6;1.29
C185884;17.6;18;1.63
C185884;18;18.37;1.34
C185884;18.37;19;1.58
C185884;19;19.25;1.54
C185884;19.25;20;1.55
C185884;20;21;1.47
C185884;21;22;1.11
C185884;22;22.6;1.5
C185884;22.6;23;1.6
C185884;23;24;0.7
C185884;24;25;1.07
C185885;0;1;0.52
C185885;1;2;0.69
C185885;2;3;0.68
C185885;3;4;0.63
C185885;4;5;0.67
C185885;5;6;0.47
C185885;6;6.33;0.32
C185885;6.33;6.55;0.46
C185885;6.55;7;0.96
C185885;7;8;0.83
C185885;8;9;0.8
C185885;9;10;1.12
C185885;10;11;1.16
C185885;11;12;1.48
C185885;12;12.38;1.66
C185885;12.38;13;1.55
C185885;13;14;0.69
C185885;14;15;0.48
C185885;15;15.55;0.83
C185885;15.55;16;1.12
C185885;16;17;0.32
C185886;0;1;0.32
C185886;1;2;0.65
C185886;2;3;0.97
C185886;3;4;0.95
C185886;4;5;1.16
C185886;5;6;1.3
C185886;6;7;1.18
C185886;7;8;1.2
C185886;8;9;2.05
C185886;9;10;2.88
C185886;10;11;2.52
C185886;11;11.39;2.24
C185886;11.39;12;1.96
C185886;12;13;0.69
C185886;13;13.15;2.22
C185886;13.15;14;1.49
C185886;14;15;1.42
C185886;15;15.77;0.78
C185886;15.77;16;1.15
C185886;16;17;1.18
C185886;17;18;0.43
C185886;18;19;1.71
C185886;19;20;1.95
C185886;20;21;1.09
C185886;21;22;0.92
C185886;22;23;1.33
C185886;23;24;0.56
C185886;24;25;0.5
C185887;0;1;1.15
C185887;1;2;1.35
C185887;2;3;1.25
C185887;3;4;1.13
C185887;4;5;1.14
C185887;5;6;1.15
C185887;6;7;1.34
C185887;7;8;1.37
C185887;8;9;1.63
C185887;9;10;2.8
C185887;10;11;2.45
C185887;11;11.76;3.1
C185887;11.76;12;3.09
C185887;12;12.45;3.04
C185887;12.45;13;2.12
C185887;13;14;2.32
C185887;14;15;2.47
C185887;15;16;2.18
C185887;16;17;1.99
C185887;17;17.29;2.03
C185887;17.29;17.72;1.87
C185887;17.72;18;2.08
C185887;18;19;1.55
C185887;19;20;0.27
C185887;20;21;0.62
C185887;21;22;0.56
C185887;22;23;0.78
C185887;23;24;0.55
C185888;0;1;0.43
C185888;1;2;0.87
C185888;2;3;0.89
C185888;3;4;0.92
C185888;4;5;0.56
C185888;5;6;0.34
C185888;6;7;1.3
C185888;7;8;2.25
C185888;8;9;3.03
C185888;9;10;0.44
C185888;10;11;1.02
C185888;11;12;1.09
C185888;12;13;1.5
C185888;13;14;2.83
C185888;14;15;3.11
C185888;15;16;2.72
C185888;16;17;2.76
C185888;17;18;1.89
C185888;18;19;3.69
C185888;19;20;1.82
C185888;20;21;1.97
C185888;21;22;1.24
C185888;22;23;1.08
C185888;23;23.42;1.11
C185888;23.42;24;1
C185888;24;25;1.59
C185888;25;26;0.97
C185888;26;27;0.34
C185888;27;28;0.25
C185888;28;29;0.28
C185889;0;1;0.91
C185889;1;2;0.95
C185889;2;3;1.1
C185889;3;4;1.04
C185889;4;5;1.27
C185889;5;6;1.35
C185889;6;7;1.36
C185889;7;8;1.2
C185889;8;9;1.22
C185889;9;10;1.28
C185889;10;11;1.82
C185889;11;12;2.32
C185889;12;13;3.14
C185889;13;14;2.5
C185889;14;15;2.64
C185889;15;16;2.31
C185889;16;17;2.55
C185889;17;18;2.86
C185889;18;19;2.66
C185889;19;20;3.27
C185889;20;21;3.09
C185889;21;22;2.89
C185889;22;23;2.3
C185889;23;24;2.82
C185889;24;24.34;2.78
C185889;24.34;25;2.1
C185889;25;26;1.48
C185889;26;26.79;0.5
C185889;26.79;27;0.24
C185889;27;28;0.27
C185889;28;29;0.24
C185889;29;30;0.23
C185890;0;1;0.48
C185890;1;2;0.82
C185890;2;3;1.01
C185890;3;4;0.93
C185890;4;5;0.85
C185890;5;6;0.89
C185890;6;7;1.51
C185890;7;8;2.19
C185890;8;9;2.44
C185890;9;10;2.13
C185890;10;10.18;3
C185890;10.18;11;3.29
C185890;11;12;3.58
C185890;12;13;3.14
C185890;13;14;3.01
C185890;14;15;2.9
C185890;15;15.78;2.19
C185890;15.78;16;2.5
C185890;16;17;1.86
C185890;17;18;1.75
C185890;18;19;1.81
C185890;19;20;1.51
C185890;20;20.6;1.28
C185890;20.6;21;0.84
C185890;21;22;0.93
C185890;22;23;0.26
C185890;23;24;0.21
C185890;24;25;0.21
C185917;0;1;0.58
C185917;1;2;0.87
C185917;2;3;0.93
C185917;3;4;1.09
C185917;4;5;1.11
C185917;5;6;1.15
C185917;6;7;1.2
C185917;7;8;1.09
C185917;8;9;1.21
C185917;9;10;1.29
C185917;10;11;1
C185917;11;12;1.43
C185917;12;13;2.18
C185917;13;14;2.14
C185917;14;15;2.47
C185917;15;15.2;2.09
C185917;15.2;16;1.67
C185917;16;16.4;1.33
C185917;16.4;17;0.51
C185917;17;18;0.67
C185917;18;19;0.62
C185918;0;1;0.69
C185918;1;2;0.67
C185918;2;3;0.83
C185918;3;4;0.71
C185918;4;5;0.44
C185918;5;6;1.58
C185918;6;7;2.62
C185918;7;8;1.78
C185918;8;9;1.78
C185918;9;9.7;2.07
C185918;9.7;10;1.63
C185918;10;10.7;1.3
C185918;10.7;11;1.13
C185918;11;12;0.43
C185918;12;13;1.13
C185919;0;1;0.8
C185919;1;2;0.85
C185919;2;3;0.86
C185919;3;4;0.87
C185919;4;5;0.96
C185919;5;6;1
C185919;6;7;0.84
C185919;7;8;1.52
C185919;8;9;1.02
C185919;9;10;1.18
C185919;10;11;1.38
C185919;11;12;1.54
C185919;12;13;1.15
C185919;13;14;1.65
C185919;14;15;1.96
C185919;15;16;0.66
C185920;0;1;0.73
C185920;1;2;0.77
C185920;2;3;1.01
C185920;3;4;1.02
C185920;4;5;1.03
C185920;5;6;1.36
C185920;6;7;1.38
C185920;7;8;1.45
C185920;8;9;1.87
C185920;9;10;1.62
C185920;10;11;1.44
C185920;11;12;1.31
C185920;12;13;1.69
C185920;13;13.83;1.81
C185920;13.83;14;2.21
C185920;14;15;0.99
C185920;15;16;0.49
C185921;0;1;0.29
C185921;1;2;0.28
C185921;2;3;0.42
C185921;3;4;0.51
C185921;4;5;0.59
C185921;5;6;0.75
C185921;6;7;0.73
C185921;7;8;0.99
C185921;8;9;0.61
C185921;9;10;0.67
C185921;10;11;0.76
C185921;11;12;1.54
C185921;12;13;1.06
C185921;13;13.18;1.8
C185921;13.18;14;1.16
C185921;14;15;0.58
C185921;15;16;0.48
C185921;16;16.45;0.74
C185922;0;1;0.52
C185922;1;2;0.93
C185922;2;3;0.87
C185922;3;4;0.77
C185922;4;5;0.92
C185922;5;6;0.93
C185922;6;7;1.79
C185922;7;8;0.9
C185922;8;9;0.91
C185922;9;10;0.85
C185922;10;11;1.08
C185922;11;11.19;2.01
C185922;11.19;12;2.03
C185922;12;13;4.18
C185922;13;14;2.57
C185922;14;15;2.07
C185922;15;16;1.95
C185922;16;16.35;2.71
C185922;16.35;16.7;1.32
C185922;16.7;17;1.95
C185922;17;18;1.3
C185922;18;19;1.14
C185922;19;20;2.14
C185922;20;21;0.8
C185922;21;22;0.42
C185922;22;23;0.35
C185923;0;1;0.4
C185923;1;2;0.46
C185923;2;3;0.71
C185923;3;4;0.91
C185923;4;5;0.94
C185923;5;6;1.08
C185923;6;7;0.74
C185923;7;8;0.98
C185923;8;9;0.99
C185923;9;10;1.24
C185923;10;11;1.84
C185923;11;12;2.74
C185923;12;12.45;2.56
C185923;12.45;13;1.82
C185923;13;14;1.43
C185923;14;15;0.33
C185923;15;16;0.25
C185923;16;17;0.24
C185924;0;1;0.85
C185924;1;2;0.87
C185924;2;3;0.99
C185924;3;4;1.23
C185924;4;5;1.25
C185924;5;6;0.99
C185924;6;7;0.86
C185924;7;8;1.21
C185924;8;9;1.09
C185924;9;9.28;0.74
C185924;9.28;9.63;0.37
C185924;9.63;10;1.3
C185924;10;11;1.28
C185924;11;12;1.23
C185924;12;12.8;2.03
C185924;12.8;13;1.85
C185924;13;14;1.37
C185924;14;15;0.95
C185924;15;16;0.78
C185925;0;1;0.72
C185925;1;2;0.81
C185925;2;3;0.89
C185925;3;4;1.04
C185925;4;5;1
C185925;5;6;0.87
C185925;6;7;0.84
C185925;7;8;1.26
C185925;8;9;3
C185925;9;10;3.46
C185925;10;11;1.66
C185925;11;12;1.58
C185925;12;12.25;1.21
C185925;12.25;13;1.37
C185925;13;14;1.66
C185925;14;15;1.59
C185925;15;15.5;1.44
C185925;15.5;15.67;0.93
C185925;15.67;16;0.78
C185925;16;17;0.85
C185925;17;17.5;1.16
C185925;17.5;17.7;1.19
C185925;17.7;18;1.05
C185925;18;18.5;0.74
C185925;18.5;19;0.37
C185925;19;20;0.24
C185925;20;21;0.38
C185926;0;1;0.74
C185926;1;2;0.85
C185926;2;3;0.91
C185926;3;4;1.11
C185926;4;5;1.02
C185926;5;6;2.51
C185926;6;7;1.09
C185926;7;8;0.92
C185926;8;9;0.8
C185926;9;10;1.61
C185926;10;11;0.67
C185926;11;12;0.81
C185926;12;13;0.65
C185926;13;14;0.43
C185926;14;15;0.6
C185926;15;16;0.75
C185926;16;17;0.86
C185926;17;18;0.56
C185926;18;19;1.18
C185926;19;20;1.27
C185926;20;21;2.01
C185926;21;22;1.33
C185926;22;23;1.24
C185926;23;24;1.48
C185926;24;25;0.83
C185926;25;26;0.22
C185926;26;27;0.2
C185926;27;28;0.19
C185927;0;1;0.53
C185927;1;2;0.61
C185927;2;3;0.57
C185927;3;4;0.63
C185927;4;5;0.55
C185927;5;6;0.7
C185927;6;7;0.61
C185927;7;8;0.79
C185927;8;9;0.77
C185927;9;10;0.86
C185927;10;11;1.12
C185927;11;12;1.68
C185927;12;13;1.65
C185927;13;14;1.92
C185927;14;15;1.66
C185927;15;16;1.79
C185927;16;17;2.16
C185927;17;18;2.28
C185927;18;19;2.33
C185927;19;20;2.68
C185927;20;20.62;2.6
C185927;20.62;21;1.69
C185927;21;22;1.44
C185927;22;23;0.69
C185927;23;24;0.28
C185927;24;25;0.25
C185928;0;1;0.7
C185928;1;2;0.79
C185928;2;3;0.82
C185928;3;4;0.39
C185928;4;5;0.33
C185928;5;6;0.38
C185928;6;7;0.3
C185928;7;8;0.52
C185928;8;9;0.51
C185928;9;10;0.73
C185928;10;11;1.27
C185928;11;12;1.11
C185928;12;13;1.05
C185928;13;14;1.65
C185928;14;15;0.79
C185928;15;16;0.59
C185928;16;17;0.85
C185930;0;1;0.17
C185930;1;2;0.2
C185930;2;3;0.38
C185930;3;4;0.24
C185930;4;5;0.5
C185930;5;6;0.75
C185930;6;7;0.99
C185930;7;8;1.61
C185930;8;9;1.94
C185930;9;10;1.86
C185930;10;11;2.61
C185930;11;12;2.62
C185930;12;13;2.96
C185930;13;14;3.27
C185930;14;15;3.44
C185930;15;16;3.25
C185930;16;17;3.55
C185930;17;18;2.59
C185930;18;19;3.11
C185930;19;20;3.03
C185930;20;21;2.65
C185930;21;22;2.25
C185930;22;23;2.87
C185930;23;24;2.03
C185930;24;25;1.56
C185930;25;26;1.72
C185930;26;27;1.32
C185930;27;27.3;1.15
C185930;27.3;28;0.47
C185930;28;29;0.54
C185930;29;30;0.47
C185930;30;30.5;0.7
C185931;0;1;0.33
C185931;1;2;0.48
C185931;2;3;0.7
C185931;3;4;0.73
C185931;4;5;0.49
C185931;5;6;0.67
C185931;6;7;0.65
C185931;7;8;0.86
C185931;8;9;1.21
C185931;9;9.5;0.87
C185931;9.5;10;1.51
C185931;10;10.25;1.53
C185931;10.25;10.73;1.32
C185931;10.73;11;2.83
C185931;11;11.35;1.95
C185931;11.35;12;1.62
C185931;12;12.78;1.56
C185931;12.78;13;1.86
C185931;13;14;1.33
C185931;14;15;1.11
C185931;15;15.5;0.95
C185932;0;1;0.87
C185932;1;2;1.04
C185932;2;3;1.04
C185932;3;4;1.11
C185932;4;5;1.03
C185932;5;6;1.22
C185932;6;7;1.68
C185932;7;8;2.1
C185932;8;9;2.22
C185932;9;10;2.49
C185932;10;11;2.4
C185932;11;12;2.3
C185932;12;13;2.39
C185932;13;14;1.61
C185932;14;15;2.28
C185932;15;15.35;2.17
C185932;15.35;16;2.55
C185932;16;16.55;2.28
C185932;16.55;17;1.35
C185932;17;18;1.22
C185932;18;19;1.12
C185934;0.1;1;0.63
C185934;1;2;0.57
C185934;2;3;0.76
C185934;3;4;0.82
C185934;4;5;0.81
C185934;5;6;0.87
C185934;6;7;0.97
C185934;7;8;1.16
C185934;8;9;0.98
C185934;9;10;1.07
C185934;10;11;1.44
C185934;11;12;0.99
C185934;12;13;1.01
C185934;13;14;1.57
C185934;14;14.28;0.82
C185934;14.28;15;1.43
C185934;15;15.19;1.7
C185934;15.19;16;1.54
C185934;16;16.77;1.32
C185934;16.77;17;3.04
C185934;17;18;3.42
C185934;18;19;1.65
C185934;19;20;1.34
C185934;20;21;1.71
C185934;21;21.25;1.75
C185934;21.25;22;1.67
C185934;22;23;1.5
C185934;23;24;2.2
C185934;24;24.55;2.04
C185934;24.55;25;1.44
C185934;25;26;0.41
C185934;26;27;0.21
C185935;0;1;0.3
C185935;1;2;0.43
C185935;2;2.35;0.24
C185935;2.35;3;0.61
C185935;3;4;0.73
C185935;4;5;1.04
C185935;5;6;1.1
C185935;6;7;1.62
C185935;7;8;1.47
C185935;8;8.55;1.67
C185935;8.55;9;1.12
C185935;9;10;0.59
C185935;10;11;0.24
C185935;11;12;0.23
C185935;12;12.5;0.27
C185936;0;1;0.22
C185936;1;2;0.45
C185936;2;3;0.83
C185936;3;4;0.91
C185936;4;5;0.86
C185936;5;6;1.03
C185936;6;7;0.97
C185936;7;8;1.31
C185936;8;9;2.39
C185936;9;10;1.5
C185936;10;11;1.35
C185936;11;12;1.18
C185936;12;13;2.08
C185936;13;13.25;2.83
C185936;13.25;14;2.58
C185936;14;14.75;0.88
C185936;14.75;15;1.02
C185936;15;16;0.74
C185936;16;17;0.78
C185936;17;17.22;0.59
C185936;17.22;18;0.42
C185936;18;19;0.41
C185936;19;20;0.33
C185937;0;1;0.77
C185937;1;2;0.91
C185937;2;3;1.11
C185937;3;4;1.08
C185937;4;5;1.21
C185937;5;6;1.2
C185937;6;7;1.25
C185937;7;8;1.23
C185937;8;9;1.31
C185937;9;10;2.18
C185937;10;11;2.12
C185937;11;12;2.43
C185937;12;13;2.12
C185937;13;14;2.16
C185937;14;14.51;2.32
C185937;14.51;15;2.75
C185937;15;15.23;2.08
C185937;15.23;16;1.6
C185937;16;17;1.62
C185937;17;18;1.89
C185937;18;18.62;1.79
C185937;18.62;19;1.72
C185937;19;20;1.14
C185937;20;20.48;0.58
C185937;20.48;21;1.08
C185937;21;22;1.14
C185937;22;22.8;0.96
C185937;22.8;23;0.62
C185937;23;23.56;0.71
C185937;23.56;24;0.58
C185937;24;25;0.53
C185937;25;26;0.54
C185938;0;1;0.28
C185938;1;2;0.44
C185938;2;3;0.84
C185938;3;4;0.81
C185938;4;5;0.94
C185938;5;6;0.87
C185938;6;7;0.75
C185938;7;8;0.87
C185938;8;9;0.7
C185938;9;10;0.97
C185938;10;11;0.78
C185938;11;11.77;1.26
C185938;11.77;12;1.33
C185938;12;13;1.06
C185938;13;14;1.3
C185938;14;15;2.25
C185938;15;16;2.02
C185938;16;17;1.63
C185938;17;18;1.96
C185938;18;18.65;1.97
C185938;18.65;19;2.17
C185938;19;20;1.8
C185938;20;21;0.6
C185938;21;22;1.14
C185938;22;22.5;1.08
C185939;0;1;0.36
C185939;1;2;0.51
C185939;2;3;0.83
C185939;3;4;0.65
C185939;4;5;0.84
C185939;5;6;0.91
C185939;6;7;1.01
C185939;7;8;1.54
C185939;8;9;1.51
C185939;9;9.2;0.83
C185939;9.2;10;1.69
C185939;10;11;1.01
C185939;11;12;0.77
C185939;12;13;0.28
C185940;0;1;0.36
C185940;1;2;0.56
C185940;2;3;0.96
C185940;3;4;1.14
C185940;4;5;1.06
C185940;5;6;1.21
C185940;6;7;1.3
C185940;7;8;1.09
C185940;8;9;1
C185940;9;10;1.13
C185940;10;11;2.27
C185940;11;12;2.41
C185940;12;12.53;1.96
C185940;12.53;13;2.04
C185940;13;14;2.29
C185940;14;15;2.11
C185940;15;16;1.84
C185940;16;17;0.75
C185940;17;18;0.51
C185940;18;18.5;0.8
C185941;0;1;0.83
C185941;1;2;1.03
C185941;2;3;1.03
C185941;3;4;1.07
C185941;4;5;0.84
C185941;5;6;0.98
C185941;6;7;1.29
C185941;7;8;2.32
C185941;8;9;1.75
C185941;9;10;2.46
C185941;10;10.24;2.58
C185941;10.24;10.54;2.23
C185941;10.54;11;1.89
C185941;11;12;1.4
C185941;12;13;1.63
C185941;13;14;1.88
C185941;14;15;2.37
C185941;15;16;2.74
C185941;16;17;2.77
C185941;17;18;3.06
C185941;18;19;3.43
C185941;19;20;3.4
C185941;20;20.3;2.86
C185941;20.3;21;2.67
C185941;21;22;2.81
C185941;22;22.5;1.68
C185942;0;1;0.61
C185942;1;2;0.93
C185942;2;3;1.22
C185942;3;4;1.18
C185942;4;5;1.13
C185942;5;6;0.57
C185942;6;7;0.51
C185942;7;8;1.08
C185942;8;9;0.9
C185942;9;10;0.88
C185942;10;11;0.99
C185942;11;12;1.35
C185942;12;13;1.07
C185942;13;14;1.59
C185942;14;15;1.57
C185942;15;15.26;1.38
C185942;15.26;16;0.49
C185942;16;16.4;0.78
C185942;16.4;17;0.27
C185942;17;18;0.27
C185942;18;19;0.23
C185943;0;1;0.41
C185943;1;2;0.34
C185943;2;3;0.87
C185943;3;4;0.75
C185943;4;5;0.88
C185943;5;6;0.86
C185943;6;7;0.65
C185943;7;8;0.66
C185943;8;9;1.17
C185943;9;10;0.81
C185943;10;11;2.21
C185943;11;12;2.16
C185943;12;13;1.72
C185943;13;14;1.53
C185943;14;15;0.89
C185943;15;15.5;1.09
C185944;0;1;0.94
C185944;1;2;1.23
C185944;2;3;1.47
C185944;3;4;1.66
C185944;4;5;1.38
C185944;5;6;1.2
C185944;6;7;1.08
C185944;7;8;1.26
C185944;8;9;1.28
C185944;9;10;1.4
C185944;10;11;1.96
C185944;11;12;1.87
C185944;12;13;1.91
C185944;13;14;1.39
C185944;14;15;2.12
C185944;15;15.68;1.21
C185944;15.68;16;1.87
C185944;16;17;1.53
C185944;17;17.67;1.18
C185944;17.67;18;0.87
C185944;18;18.81;1.1
C185944;18.81;19;0.47
C185944;19;19.38;0.36
C185944;19.38;20;0.7
C185944;20;21;0.81
C185944;21;22;0.75
C185944;22;23;0.51
C185944;23;24;0.6
C185944;24;25;0.26
C185944;25;26;0.26
C185944;26;27;0.35
C185945;0;1;0.35
C185945;1;2;0.53
C185945;2;3;1.27
C185945;3;4;0.9
C185945;4;5;0.81
C185945;5;6;1.05
C185945;6;7;1.07
C185945;7;8;0.92
C185945;8;9;1.04
C185945;9;9.56;1.66
C185945;9.56;9.74;2.1
C185945;9.74;10;1.98
C185945;10;11;1.46
C185945;11;11.33;1.36
C185945;11.33;12;0.66
C185945;12;13;1.13
C185945;13;13.33;0.81
C185945;13.33;14;1.49
C185945;14;14.55;1.12
C185945;14.55;15;1.17
C185945;15;15.53;1.09
C185945;15.53;16;1.09
C185945;16;17;0.77
C185945;17;18;0.26
C185945;18;19;0.5
C185968;0;1;0.58
C185968;1;2;0.67
C185968;2;3;0.74
C185968;3;4;1
C185968;4;5;0.9
C185968;5;6;0.9
C185968;6;7;1.05
C185968;7;8;1.14
C185968;8;9;2.24
C185968;9;10;3.4
C185968;10;11;3.92
C185968;11;11.73;2.23
C185968;11.73;12;1.32
C185968;12;13;3.39
C185968;13;13.27;2.65
C185968;13.27;14;1.92
C185968;14;15;1.33
C185968;15;15.5;0.36
C185969;0;1;0.72
C185969;1;2;0.9
C185969;2;3;0.72
C185969;3;4;1.05
C185969;4;5;1.26
C185969;5;6;1.13
C185969;6;7;0.85
C185969;7;8;1.27
C185969;8;9;2.04
C185969;9;9.28;1.89
C185969;9.28;10;2.53
C185969;10;11;2.04
C185969;11;12;2.08
C185969;12;13;2.09
C185969;13;13.42;2.93
C185969;13.42;14;1.51
C185969;14;14.4;1.16
C185969;14.4;15;2.78
C185969;15;16;2.37
C185969;16;17;2.2
C185969;17;18;1.9
