hole_id;depth_from;depth_to;LITH
C170887;0;1;LIM
C170887;1;2;LIM
C170887;2;3;LIM
C170887;3;4;LIM
C170887;4;5;LIM
C170887;5;6;LIM
C170887;6;7;LIM
C170887;7;8;LIM
C170887;8;9;LIM
C170887;9;10;LIM
C170887;10;11;LIM
C170887;11;12;SAP
C170887;12;13;SAP
C170887;13;14;SAP
C170887;14;14.75;SAP
C170887;14.75;15;SAP
C170887;15;16;SAP
C170887;16;17;BR
C170887;17;17.4;BR
C170887;17.4;18;BR
C170887;18;19;BR
C170887;19;20;BR
C170888;0;1;LIM
C170888;1;2;LIM
C170888;2;3;LIM
C170888;3;4;LIM
C170888;4;5;LIM
C170888;5;6;LIM
C170888;6;7;LIM
C170888;7;8;LIM
C170888;8;9;LIM
C170888;9;10;SAP
C170888;10;11;SAP
C170888;11;11.45;SAP
C170888;11.45;12;SAP
C170888;12;12.25;SAP
C170888;12.25;12.5;SAP
C170888;12.5;13;SAP
C170888;13;14;SAP
C170888;14;15;SAP
C170888;15;15.75;SAP
C170888;15.75;16;SAP
C170888;16;17;SAP
C170888;17;18;SAP
C170888;18;18.5;SAP
C170888;18.5;19;SAP
C170888;19;20;SAP
C170888;20;21;SAP
C170888;21;22;SAP
C170888;22;23;SAP
C170888;23;24;SAP
C170888;24;25;BR
C170888;25;26;BR
C170888;26;27;BR
C170888;27;28;BR
C170888;28;29;BR
C170889;0;1;LIM
C170889;1;2;LIM
C170889;2;3;LIM
C170889;3;3.4;LIM
C170889;3.4;4;LIM
C170889;4;4.4;LIM
C170889;4.4;5;SAP
C170889;5;6;SAP
C170889;6;7;SAP
C170889;7;8;SAP
C170889;8;9;SAP
C170889;9;10;BR
C170889;10;11;BR
C170889;11;12;BR
C170889;12;12.5;BR
C170890;0;1;LIM
C170890;1;2;LIM
C170890;2;3;LIM
C170890;3;4;LIM
C170890;4;5;LIM
C170890;5;6;LIM
C170890;6;7;LIM
C170890;7;8;LIM
C170890;8;9;SAP
C170890;9;10;SAP
C170890;10;11;SAP
C170890;11;12;BR
C170890;12;13;BR
C170890;13;14;BR
C170890;14;15;BR
C170890;15;16;BR
C170890;16;16.5;BR
C170890;16.5;17;BR
C170890;17;18;BR
C170890;18;19;BR
C170890;19;20;BR
C170890;20;21;BR
C170890;21;22;BR
C170890;22;23;BR
C170890;23;23.3;BR
C170890;23.3;24;BR
C170890;24;25;BR
C170890;25;26;BR
C170890;26;27;BR
C170890;27;27.5;BR
C170891;0;1;LIM
C170891;1;2;LIM
C170891;2;3;LIM
C170891;3;4;LIM
C170891;4;5;LIM
C170891;5;6;SAP
C170891;6;7;SAP
C170891;7;8;SAP
C170891;8;9;SAP
C170891;9;10;SAP
C170891;10;11;BR
C170891;11;12;BR
C170891;12;13;BR
C170891;13;14;BR
C170891;14;15;BR
C170891;15;16;BR
C170891;16;16.5;BR
C170892;0;1;LIM
C170892;1;2;LIM
C170892;2;3;LIM
C170892;3;4;LIM
C170892;4;5;LIM
C170892;5;6;LIM
C170892;6;7;LIM
C170892;7;8;LIM
C170892;8;9;LIM
C170892;9;10;LIM
C170892;10;11;LIM
C170892;11;11.25;LIM
C170892;11.25;11.75;LIM
C170892;11.75;12;LIM
C170892;12;13;LIM
C170892;13;14;LIM
C170892;14;15;LIM
C170892;15;16;SAP
C170892;16;17;SAP
C170892;17;18;SAP
C170892;18;19;SAP
C170892;19;20;SAP
C170892;20;21;BR
C170892;21;22;BR
C170892;22;22.5;BR
C170893;0;1;LIM
C170893;1;2;LIM
C170893;2;3;LIM
C170893;3;4;LIM
C170893;4;5;LIM
C170893;5;6;LIM
C170893;6;7;LIM
C170893;7;8;LIM
C170893;8;9;LIM
C170893;9;9.7;LIM
C170893;9.7;10;SAP
C170893;10;11;SAP
C170893;11;12;BR
C170893;12;13;BR
C170893;13;14;BR
C170893;14;15;BR
C170894;0;1;LIM
C170894;1;2;LIM
C170894;2;3;LIM
C170894;3;4;LIM
C170894;4;5;SAP
C170894;5;6;SAP
C170894;6;7;SAP
C170894;7;8;SAP
C170894;8;9;SAP
C170894;9;10;SAP
C170894;10;10.3;SAP
C170894;10.3;11;SAP
C170894;11;12;SAP
C170894;12;13;SAP
C170894;13;14;SAP
C170894;14;14.5;SAP
C170894;14.5;15;SAP
C170894;15;16;SAP
C170894;16;17;SAP
C170894;17;18;BR
C170894;18;19;BR
C170894;19;20;BR
C170894;20;21;BR
C170894;21;21.7;BR
C170894;21.7;22;BR
C170894;22;23;BR
C170894;23;24;BR
C170901;0;1;LIM
C170901;1;2;LIM
C170901;2;3;LIM
C170901;3;4;LIM
C170901;4;5;LIM
C170901;5;6;LIM
C170901;6;7;LIM
C170901;7;8;SAP
C170901;8;9;SAP
C170901;9;10;SAP
C170901;10;11;SAP
C170901;11;12;SAP
C170901;12;13;SAP
C170901;13;14;SAP
C170901;14;15;SAP
C170901;15;16;SAP
C170901;16;17;SAP
C170901;17;18;BR
C170901;18;19;BR
C170901;19;20;BR
C170902;0;1;LIM
C170902;1;2;LIM
C170902;2;3;LIM
C170902;3;4;LIM
C170902;4;5;LIM
C170902;5;6;LIM
C170902;6;7;LIM
C170902;7;8;SAP
C170902;8;9;SAP
C170902;9;10;SAP
C170902;10;11;SAP
C170902;11;12;SAP
C170902;12;13;SAP
C170902;13;14;SAP
C170902;14;15;SAP
C170902;15;16;BR
C170902;16;17;BR
C170902;17;17.35;BR
C170902;17.35;18;BR
C170902;18;18.5;BR
C170902;18.5;19;BR
C170902;19;20;BR
C170902;20;20.35;BR
C170902;20.35;21;BR
C170902;21;22;BR
C170902;22;23;BR
C170902;23;24;BR
C170902;24;25;BR
C170903;0;1;LIM
C170903;1;2;LIM
C170903;2;3;LIM
C170903;3;4;LIM
C170903;4;5;LIM
C170903;5;6;LIM
C170903;6;7;LIM
C170903;7;8;LIM
C170903;8;9;LIM
C170903;9;10;LIM
C170903;10;11;LIM
C170903;11;12;SAP
C170903;12;13;SAP
C170903;13;14;SAP
C170903;14;15;SAP
C170903;15;16;SAP
C170903;16;16.45;SAP
C170903;16.45;17;SAP
C170903;17;18;SAP
C170903;18;19;SAP
C170903;19;20;SAP
C170903;20;21;SAP
C170903;21;22;SAP
C170903;22;23;SAP
C170903;23;24;SAP
C170903;24;25;SAP
C170903;25;26;BR
C170904;0;1;LIM
C170904;1;2;LIM
C170904;2;3;LIM
C170904;3;4;LIM
C170904;4;5;LIM
C170904;5;6;LIM
C170904;6;7;LIM
C170904;7;8;LIM
C170904;8;9;LIM
C170904;9;10;LIM
C170904;10;11;LIM
C170904;11;11.6;SAP
C170904;11.6;12;SAP
C170904;12;13;SAP
C170904;13;14;SAP
C170904;14;15;SAP
C170904;15;16;SAP
C170904;16;17;SAP
C170904;17;17.75;BR
C170904;17.75;18;BR
C170904;18;18.4;BR
C170904;18.4;19;BR
C170904;19;20;BR
C170904;20;21;BR
C170904;21;21.7;BR
C170904;21.7;22;BR
C170904;22;22.7;BR
C170904;22.7;23;BR
C170904;23;24;BR
C170905;0;1;LIM
C170905;1;2;LIM
C170905;2;3;LIM
C170905;3;4;LIM
C170905;4;5;LIM
C170905;5;6;LIM
C170905;6;7;SAP
C170905;7;8;SAP
C170905;8;9;SAP
C170905;9;10;SAP
C170905;10;11;SAP
C170905;11;12;SAP
C170905;12;13;SAP
C170905;13;14;SAP
C170905;14;15;SAP
C170905;15;16;SAP
C170905;16;16.65;SAP
C170905;16.65;17;SAP
C170905;17;18;SAP
C170905;18;18.5;BR
C170905;18.5;19;BR
C170905;19;20;BR
C170905;20;21;BR
C170906;0;1;LIM
C170906;1;2;LIM
C170906;2;3;LIM
C170906;3;4;LIM
C170906;4;5;LIM
C170906;5;6;LIM
C170906;6;7;LIM
C170906;7;8;LIM
C170906;8;9;LIM
C170906;9;10;LIM
C170906;10;11;LIM
C170906;11;12;LIM
C170906;12;12.65;LIM
C170906;12.65;13;SAP
C170906;13;14;SAP
C170906;14;15;SAP
C170906;15;16;SAP
C170906;16;17;SAP
C170906;17;18;SAP
C170906;18;19;SAP
C170906;19;20;SAP
C170906;20;21;SAP
C170907;0;1;LIM
C170907;1;2;LIM
C170907;2;3;LIM
C170907;3;4;LIM
C170907;4;5;LIM
C170907;5;6;LIM
C170907;6;7;LIM
C170907;7;8;LIM
C170907;8;9;LIM
C170907;9;10;LIM
C170907;10;11;SAP
C170907;11;12;SAP
C170907;12;12.25;SAP
C170907;12.25;12.6;SAP
C170907;12.6;13;SAP
C170907;13;13.5;SAP
C170907;13.5;14;SAP
C170907;14;14.65;SAP
C170907;14.65;15;SAP
C170907;15;15.35;SAP
C170907;15.35;16;SAP
C170907;16;17;BR
C170907;17;17.55;BR
C170907;17.55;18;BR
C170907;18;19;BR
C170907;19;20;BR
C170907;20;21;BR
C170907;21;22;BR
C170907;22;23;BR
C170907;23;24;BR
C170908;0;1;LIM
C170908;1;2;LIM
C170908;2;3;LIM
C170908;3;4;LIM
C170908;4;5;LIM
C170908;5;6;LIM
C170908;6;7;LIM
C170908;7;8;LIM
C170908;8;9;LIM
C170908;9;10;LIM
C170908;10;11;LIM
C170908;11;11.8;LIM
C170908;11.8;12;SAP
C170908;12;13;SAP
C170908;13;14;SAP
C170908;14;15;SAP
C170908;15;16;SAP
C170908;16;17;SAP
C170908;17;18;SAP
C170908;18;18.5;SAP
C170908;18.5;19;SAP
C170908;19;20;SAP
C170908;20;20.3;SAP
C170908;20.3;20.6;SAP
C170908;20.6;21;SAP
C170908;21;21.35;SAP
C170908;21.35;21.7;SAP
C170908;21.7;22;SAP
C170908;22;22.65;SAP
C170908;22.65;23;SAP
C170908;23;24;SAP
C170908;24;25;SAP
C170908;25;26;SAP
C170908;26;27;SAP
C170908;27;28;SAP
C170908;28;29;SAP
C170908;29;30;SAP
C170908;30;31;SAP
C170908;31;32;SAP
C170908;32;33;SAP
C170908;33;34;SAP
C170908;34;35;SAP
C170908;35;36;BR
C170908;36;36.5;BR
C170909;0;1;LIM
C170909;1;2;LIM
C170909;2;3;LIM
C170909;3;4;LIM
C170909;4;5;LIM
C170909;5;6;LIM
C170909;6;7;LIM
C170909;7;8;LIM
C170909;8;9;LIM
C170909;9;10;LIM
C170909;10;11;LIM
C170909;11;12;LIM
C170909;12;13;LIM
C170909;13;14;LIM
C170909;14;15;LIM
C170909;15;16;LIM
C170909;16;17;LIM
C170909;17;18;LIM
C170909;18;19;SAP
C170909;19;20;SAP
C170909;20;21;SAP
C170909;21;22;SAP
C170909;22;23;BR
C170909;23;24;BR
C170909;24;25;BR
C170909;25;25.5;BR
C170938;0;1;LIM
C170938;1;2;LIM
C170938;2;3;LIM
C170938;3;4;LIM
C170938;4;5;LIM
C170938;5;6;LIM
C170938;6;6.6;LIM
C170938;6.6;7;SAP
C170938;7;8;SAP
C170938;8;9;SAP
C170938;9;10;SAP
C170938;10;10.6;SAP
C170938;10.6;11;BR
C170938;11;12;BR
C170938;12;12.4;BR
C170938;12.4;13;BR
C170938;13;14;BR
C170938;14;15;BR
C170938;15;15.5;BR
C170938;15.5;16;BR
C170938;16;17;BR
C170938;17;17.4;BR
C170938;17.4;18;BR
C170938;18;19;BR
C170939;0;1;LIM
C170939;1;2;LIM
C170939;2;3;LIM
C170939;3;4;LIM
C170939;4;5;LIM
C170939;5;6;LIM
C170939;6;7;LIM
C170939;7;8;LIM
C170939;8;9;LIM
C170939;9;10;LIM
C170939;10;11;LIM
C170939;11;12;SAP
C170939;12;13;SAP
C170939;13;14;SAP
C170939;14;15;SAP
C170939;15;16;SAP
C170939;16;17;BR
C170939;17;18;BR
C170939;18;19;BR
C170939;19;20;BR
C170940;0;1;LIM
C170940;1;2;LIM
C170940;2;3;LIM
C170940;3;4;LIM
C170940;4;5;LIM
C170940;5;6;LIM
C170940;6;7;LIM
C170940;7;8;LIM
C170940;8;9;LIM
C170940;9;9.5;LIM
C170940;9.5;10;LIM
C170940;10;11;LIM
C170940;11;12;LIM
C170940;12;12.55;SAP
C170940;12.55;13;SAP
C170940;13;14;SAP
C170940;14;14.5;SAP
C170940;14.5;15;SAP
C170940;15;15.4;SAP
C170940;15.4;16;SAP
C170940;16;16.35;SAP
C170940;16.35;17;SAP
C170940;17;17.4;SAP
C170940;17.4;18;SAP
C170940;18;19;SAP
C170940;19;19.35;SAP
C170940;19.35;20;SAP
C170940;20;20.3;SAP
C170940;20.3;21;SAP
C170940;21;22;BR
C170940;22;22.7;BR
C170940;22.7;23;BR
C170940;23;23.45;BR
C170940;23.45;24;BR
C170941;0;1;LIM
C170941;1;2;LIM
C170941;2;3;LIM
C170941;3;4;LIM
C170941;4;5;LIM
C170941;5;6;LIM
C170941;6;7;LIM
C170941;7;8;LIM
C170941;8;9;LIM
C170941;9;9.5;LIM
C170941;9.5;10;LIM
C170941;10;10.35;SAP
C170941;10.35;11;SAP
C170941;11;11.5;SAP
C170941;11.5;12;SAP
C170941;12;13;SAP
C170941;13;14;BR
C170941;14;14.7;BR
C170941;14.7;15;BR
C170941;15;16;BR
C170941;16;17;BR
C170941;17;18;BR
C170941;18;19;BR
C170941;19;20;BR
C170942;0;1;LIM
C170942;1;2;LIM
C170942;2;3;LIM
C170942;3;4;LIM
C170942;4;5;LIM
C170942;5;6;LIM
C170942;6;7;LIM
C170942;7;8;LIM
C170942;8;9;LIM
C170942;9;10;SAP
C170942;10;11;SAP
C170942;11;12;SAP
C170942;12;12.55;SAP
C170942;12.55;13;SAP
C170942;13;14;SAP
C170942;14;15;SAP
C170942;15;15.7;SAP
C170942;15.7;16;SAP
C170942;16;17;SAP
C170942;17;18;BR
C170942;18;19;BR
C170942;19;20;BR
C170942;20;20.6;BR
C170942;20.6;21;BR
C170942;21;22;BR
C170942;22;23;BR
C170942;23;24;BR
C170942;24;25;BR
C170942;25;26;BR
C170942;26;27;BR
C170942;27;28;BR
C170942;28;29;BR
C170942;29;30;BR
C170942;30;30.55;BR
C170942;30.55;31;BR
C170942;31;32;BR
C170942;32;33;BR
C170943;0;1;LIM
C170943;1;2;LIM
C170943;2;3;LIM
C170943;3;4;LIM
C170943;4;5;LIM
C170943;5;6;LIM
C170943;6;7;LIM
C170943;7;8;LIM
C170943;8;9;LIM
C170943;9;10;LIM
C170943;10;11;SAP
C170943;11;12;SAP
C170943;12;12.75;SAP
C170943;12.75;13;SAP
C170943;13;14;SAP
C170943;14;15;SAP
C170943;15;16;SAP
C170943;16;16.5;SAP
C170943;16.5;17;SAP
C170943;17;18;SAP
C170943;18;19;SAP
C170943;19;20;SAP
C170943;20;21;SAP
C170943;21;22;SAP
C170943;22;23;SAP
C170943;23;24;SAP
C170943;24;25;SAP
C170943;25;26;SAP
C170943;26;26.5;SAP
C170944;0;1;LIM
C170944;1;2;LIM
C170944;2;3;LIM
C170944;3;4;LIM
C170944;4;5;LIM
C170944;5;6;LIM
C170944;6;7;LIM
C170944;7;8;LIM
C170944;8;8.3;LIM
C170944;8.3;8.6;LIM
C170944;8.6;9;SAP
C170944;9;10;SAP
C170944;10;11;SAP
C170944;11;11.45;SAP
C170944;11.45;12;SAP
C170944;12;12.65;SAP
C170944;12.65;13;SAP
C170944;13;14;SAP
C170944;14;15;SAP
C170944;15;15.25;SAP
C170944;15.25;16;SAP
C170944;16;17;SAP
C170944;17;18;BR
C170944;18;19;BR
C170944;19;20;BR
C170944;20;21;BR
C170944;21;22;BR
C170945;0;1;LIM
C170945;1;2;LIM
C170945;2;3;LIM
C170945;3;4;LIM
C170945;4;5;LIM
C170945;5;6;LIM
C170945;6;7;LIM
C170945;7;8;LIM
C170945;8;9;LIM
C170945;9;10;LIM
C170945;10;11;LIM
C170945;11;11.7;LIM
C170945;11.7;12;LIM
C170945;12;13;LIM
C170945;13;14;LIM
C170945;14;15;LIM
C170945;15;16;LIM
C170945;16;17;LIM
C170945;17;18;LIM
C170945;18;19;LIM
C170945;19;20;LIM
C170945;20;21;LIM
C170945;21;22;LIM
C170945;22;23;LIM
C170945;23;24;SAP
C170945;24;24.75;SAP
C170945;24.75;25;BR
C170945;25;26;BR
C170945;26;27;BR
C170945;27;28;BR
C170945;28;29;BR
C170945;29;30;BR
C170946;0;1;LIM
C170946;1;2;LIM
C170946;2;3;LIM
C170946;3;4;LIM
C170946;4;5;LIM
C170946;5;6;LIM
C170946;6;7;LIM
C170946;7;8;SAP
C170946;8;9;SAP
C170946;9;9.3;SAP
C170946;9.3;10;BR
C170946;10;10.55;BR
C170946;10.55;11;BR
C170946;11;12;BR
C170946;12;12.35;BR
C170946;12.35;13;BR
C170946;13;14;BR
C170946;14;15;BR
C170952;0.25;1;LIM
C170952;1;2;LIM
C170952;2;3;LIM
C170952;3;4;LIM
C170952;4;5;LIM
C170952;5;6;LIM
C170952;6;7;LIM
C170952;7;8;LIM
C170952;8;8.4;LIM
C170952;8.4;9;LIM
C170952;9;10;LIM
C170952;10;11;LIM
C170952;11;12;LIM
C170952;12;13;LIM
C170952;13;14;LIM
C170952;14;15;LIM
C170952;15;16;LIM
C170952;16;17;LIM
C170952;17;18;LIM
C170952;18;19;SAP
C170952;19;20;SAP
C170952;20;21;SAP
C170952;21;22;SAP
C170952;22;22.4;SAP
C170952;22.4;22.75;SAP
C170952;22.75;23;SAP
C170952;23;24;SAP
C170952;24;24.4;SAP
C170952;24.4;25;SAP
C170952;25;26;SAP
C170952;26;27;SAP
C170953;0;1;LIM
C170953;1;2;LIM
C170953;2;3;LIM
C170953;3;4;LIM
C170953;4;5;LIM
C170953;5;6;LIM
C170953;6;7;SAP
C170953;7;8;SAP
C170953;8;9;SAP
C170953;9;10;SAP
C170953;10;11;SAP
C170953;11;12;SAP
C170953;12;13;SAP
C170953;13;14;SAP
C170953;14;15;BR
C170953;15;16;BR
C170953;16;17;BR
C170954;0;1;LIM
C170954;1;2;LIM
C170954;2;3;LIM
C170954;3;4;LIM
C170954;4;5;LIM
C170954;5;6;LIM
C170954;6;7;LIM
C170954;7;8;LIM
C170954;8;9;SAP
C170954;9;10;SAP
C170954;10;11;SAP
C170954;11;11.55;SAP
C170954;11.55;12;SAP
C170954;12;12.25;SAP
C170954;12.25;12.55;SAP
C170954;12.55;13;SAP
C170954;13;13.45;SAP
C170954;13.45;14;SAP
C170954;14;15;SAP
C170954;15;16;BR
C170954;16;17;BR
C170954;17;18;BR
C170954;18;19;BR
C170954;19;19.5;BR
C170955;0;1;LIM
C170955;1;2;LIM
C170955;2;3;LIM
C170955;3;4;LIM
C170955;4;5;LIM
C170955;5;6;LIM
C170955;6;7;LIM
C170955;7;8;LIM
C170955;8;9;LIM
C170955;9;10;LIM
C170955;10;11;LIM
C170955;11;12;LIM
C170955;12;13;LIM
C170955;13;14;LIM
C170955;14;15;LIM
C170955;15;16;LIM
C170955;16;17;LIM
C170955;17;18;LIM
C170955;18;18.65;LIM
C170955;18.65;19;SAP
C170955;19;20;SAP
C170955;20;20.2;BR
C170955;20.2;21;BR
C170955;21;22;BR
C170955;22;23;BR
C170956;0;1;LIM
C170956;1;2;LIM
C170956;2;3;LIM
C170956;3;4;LIM
C170956;4;5;LIM
C170956;5;6;LIM
C170956;6;7;LIM
C170956;7;8;LIM
C170956;8;9;LIM
C170956;9;10;LIM
C170956;10;11;LIM
C170956;11;12;LIM
C170956;12;13;LIM
C170956;13;14;LIM
C170956;14;15;LIM
C170956;15;16;LIM
C170956;16;17;LIM
C170956;17;18;SAP
C170956;18;19;SAP
C170956;19;20;SAP
C170956;20;21;SAP
C170956;21;22;SAP
C170956;22;23;SAP
C170956;23;24;SAP
C170956;24;25;SAP
C170956;25;25.6;SAP
C170956;25.6;26;SAP
C170956;26;27;SAP
C170956;27;27.8;SAP
C170956;27.8;28;SAP
C170956;28;28.4;SAP
C170956;28.4;28.7;SAP
C170956;28.7;29;SAP
C170956;29;30;SAP
C170957;0;1;LIM
C170957;1;2;LIM
C170957;2;3;LIM
C170957;3;4;LIM
C170957;4;5;LIM
C170957;5;6;LIM
C170957;6;7;LIM
C170957;7;8;LIM
C170957;8;9;LIM
C170957;9;10;LIM
C170957;10;11;LIM
C170957;11;12;LIM
C170957;12;13;LIM
C170957;13;14;SAP
C170957;14;15;SAP
C170957;15;16;SAP
C170957;16;17;SAP
C170957;17;18;SAP
C170957;18;19;SAP
C170957;19;20;SAP
C170957;20;21;SAP
C170957;21;22;SAP
C170958;0;1;LIM
C170958;1;2;LIM
C170958;2;3;LIM
C170958;3;4;LIM
C170958;4;5;LIM
C170958;5;6;LIM
C170958;6;7;LIM
C170958;7;8;LIM
C170958;8;9;LIM
C170958;9;10;LIM
C170958;10;11;LIM
C170958;11;12;LIM
C170958;12;13;LIM
C170958;13;14;LIM
C170958;14;15;LIM
C170958;15;16;LIM
C170958;16;17;LIM
C170958;17;18;SAP
C170958;18;19;SAP
C170958;19;20;SAP
C170958;20;21;SAP
C170958;21;22;SAP
C170958;22;22.5;SAP
C170958;22.5;23;SAP
C170958;23;24;SAP
C170958;24;24.4;SAP
C170958;24.4;24.6;SAP
C170958;24.6;25;SAP
C170958;25;26;SAP
C170958;26;27;SAP
C170958;27;28;SAP
C170958;28;29;BR
C170958;29;30;BR
C170958;30;30.5;BR
C170959;0;1;LIM
C170959;1;2;LIM
C170959;2;3;LIM
C170959;3;4;LIM
C170959;4;5;LIM
C170959;5;6;LIM
C170959;6;7;LIM
C170959;7;8;LIM
C170959;8;9;LIM
C170959;9;10;LIM
C170959;10;11;SAP
C170959;11;12;SAP
C170959;12;13;SAP
C170959;13;13.25;SAP
C170959;13.25;14;SAP
C170959;14;15;SAP
C170959;15;16;SAP
C170959;16;17;SAP
C170959;17;18;SAP
C170959;18;19;SAP
C170959;19;20;SAP
C170959;20;21;SAP
C170959;21;21.25;SAP
C170959;21.25;22;SAP
C170959;22;22.35;SAP
C170959;22.35;22.65;SAP
C170959;22.65;23;SAP
C170959;23;24;SAP
C170959;24;25;SAP
C170959;25;26;SAP
C170959;26;27;SAP
C170959;27;28;SAP
C170959;28;29;SAP
C170959;29;30;SAP
C170959;30;31;SAP
C170959;31;32;SAP
C170959;32;33;SAP
C170959;33;34;SAP
C170959;34;35;SAP
C170959;35;36;SAP
C170959;36;37;SAP
C170959;37;38;SAP
C170959;38;38.75;SAP
C170959;38.75;39;SAP
C170959;39;40;SAP
C170959;40;41;SAP
C170959;41;42;BR
C170959;42;43;BR
C170959;43;44;BR
C170959;44;44.5;BR
C170960;0;1;LIM
C170960;1;2;LIM
C170960;2;3;LIM
C170960;3;4;LIM
C170960;4;5;LIM
C170960;5;6;LIM
C170960;6;7;LIM
C170960;7;8;LIM
C170960;8;9;LIM
C170960;9;9.5;SAP
C170960;9.5;10;SAP
C170960;10;10.55;SAP
C170960;10.55;11;SAP
C170960;11;11.4;SAP
C170960;11.4;12;SAP
C170960;12;12.75;SAP
C170960;12.75;13;SAP
C170960;13;14;SAP
C170960;14;15;SAP
C170960;15;16;SAP
C170960;16;17;SAP
C170960;17;18;SAP
C170960;18;19;BR
C170960;19;20;BR
C170960;20;21;BR
C170960;21;22;BR
C170960;22;23;BR
C170960;23;24;BR
C170960;24;24.4;BR
C170960;24.4;25;BR
C170960;25;26;BR
C170960;26;27;BR
C170960;27;28;BR
C170960;28;29;BR
C170960;29;30;BR
C170960;30;31;BR
C170960;31;32;BR
C170960;32;33;BR
C170960;33;34;BR
C170960;34;35;BR
C170960;35;36;BR
C171048;0;1;LIM
C171048;1;2;LIM
C171048;2;3;LIM
C171048;3;4;LIM
C171048;4;5;LIM
C171048;5;6;LIM
C171048;6;7;LIM
C171048;7;8;SAP
C171048;8;8.5;SAP
C171048;8.5;9;SAP
C171048;9;10;SAP
C171048;10;10.8;SAP
C171048;10.8;11;SAP
C171048;11;11.4;SAP
C171048;11.4;12;SAP
C171048;12;13;SAP
C171048;13;13.35;SAP
C171048;13.35;14;SAP
C171048;14;15;SAP
C171048;15;16;SAP
C171048;16;17;SAP
C171048;17;17.4;SAP
C171048;17.4;18;SAP
C171048;18;18.4;SAP
C171048;18.4;19;SAP
C171048;19;20;SAP
C171048;20;21;SAP
C171048;21;22;SAP
C171048;22;23;BR
C171048;23;23.5;BR
C171048;23.5;24;BR
C171048;24;25;BR
C171048;25;26;BR
C171048;26;27;BR
C171048;27;28;BR
C171048;28;28.5;BR
C171056;0;1;LIM
C171056;1;1.4;LIM
C171056;1.4;2;LIM
C171056;2;2.45;SAP
C171056;2.45;3;BR
C171056;3;3.5;BR
C171056;3.5;4;BR
C171056;4;4.4;BR
C171056;4.4;5;BR
C171056;5;6;BR
C171056;6;7;BR
C171056;7;8;BR
C171056;8;8.5;BR
C171056;8.5;9;BR
C171056;9;10;BR
C185611;0;1;LIM
C185611;1;2;LIM
C185611;2;3;LIM
C185611;3;4;LIM
C185611;4;5;LIM
C185611;5;6;LIM
C185611;6;7;LIM
C185611;7;8;LIM
C185611;8;9;LIM
C185611;9;10;LIM
C185611;10;11;LIM
C185611;11;12.46;SAP
C185611;12.46;13;SAP
C185611;13;14;SAP
C185611;14;14.3;SAP
C185611;14.3;14.79;SAP
C185611;14.79;15;BR
C185611;15;16;BR
C185611;16;17;BR
C185619;0;1;LIM
C185619;1;2;LIM
C185619;2;3;LIM
C185619;3;4;LIM
C185619;4;5;LIM
C185619;5;6;LIM
C185619;6;7;LIM
C185619;7;8;LIM
C185619;8;9;LIM
C185619;9;10;LIM
C185619;10;11;LIM
C185619;11;12;SAP
C185619;12;13;SAP
C185619;13;14;SAP
C185619;14;14.42;SAP
C185619;14.42;14.72;SAP
C185619;14.72;15;SAP
C185619;15;15.68;SAP
C185619;15.68;16;SAP
C185619;16;17;SAP
C185619;17;17.5;SAP
C185619;17.5;18;SAP
C185619;18;19;SAP
C185619;19;20;SAP
C185619;20;21;SAP
C185619;21;22;BR
C185619;22;23;BR
C185640;0;1;LIM
C185640;1;2;LIM
C185640;2;3;LIM
C185640;3;4;LIM
C185640;4;5;LIM
C185640;5;6;LIM
C185640;6;7;LIM
C185640;7;8;LIM
C185640;8;9;LIM
C185640;9;10;LIM
C185640;10;11;LIM
C185640;11;12;LIM
C185640;12;13;LIM
C185640;13;14;LIM
C185640;14;15;LIM
C185640;15;16;LIM
C185640;16;17;LIM
C185640;17;18;LIM
C185640;18;19;LIM
C185640;19;20;LIM
C185640;20;21;LIM
C185640;21;22;LIM
C185640;22;23;LIM
C185640;23;24;LIM
C185640;24;25;SAP
C185640;25;26;SAP
C185640;26;27;SAP
C185640;27;28;BR
C185640;28;29;BR
C185640;29;30;BR
C185640;30;31;BR
C185640;31;31.27;BR
C185640;31.27;32;BR
C185640;32;33;BR
C185640;33;33.51;BR
C185640;33.51;34;BR
C185640;34;34.43;BR
C185640;34.43;35;BR
C185640;35;36;BR
C185640;36;37;BR
C185640;37;37.5;BR
C185641;0;1;LIM
C185641;1;2;LIM
C185641;2;3;LIM
C185641;3;4;LIM
C185641;4;5;LIM
C185641;5;6;LIM
C185641;6;7;LIM
C185641;7;8;LIM
C185641;8;9;LIM
C185641;9;10;LIM
C185641;10;11;LIM
C185641;11;12;LIM
C185641;12;13;LIM
C185641;13;14;LIM
C185641;14;15;LIM
C185641;15;16;SAP
C185641;16;17;SAP
C185641;17;18;SAP
C185641;18;19;SAP
C185641;19;20;SAP
C185641;20;21;SAP
C185641;21;22;SAP
C185641;22;23;SAP
C185641;23;24;SAP
C185641;24;25;SAP
C185641;25;26;SAP
C185641;26;26.38;SAP
C185641;26.38;27;SAP
C185641;27;28;SAP
C185641;28;29;BR
C185643;0;1;LIM
C185643;1;2;LIM
C185643;2;3;LIM
C185643;3;4;LIM
C185643;4;5;LIM
C185643;5;6;LIM
C185643;6;7;LIM
C185643;7;8;LIM
C185643;8;9;LIM
C185643;9;10;LIM
C185643;10;11;LIM
C185643;11;12;LIM
C185643;12;13;LIM
C185643;13;14;LIM
C185643;14;15;LIM
C185643;15;16;LIM
C185643;16;17;LIM
C185643;17;18;LIM
C185643;18;19;LIM
C185643;19;20;LIM
C185643;20;21;SAP
C185643;21;22;SAP
C185643;22;23;SAP
C185643;23;24;SAP
C185643;24;25;SAP
C185643;25;26;SAP
C185643;26;27;BR
C185645;0;1;LIM
C185645;1;2;LIM
C185645;2;3;LIM
C185645;3;4;LIM
C185645;4;5;LIM
C185645;5;6;LIM
C185645;6;7;LIM
C185645;7;8;LIM
C185645;8;9;LIM
C185645;9;10;LIM
C185645;10;11;SAP
C185645;11;12;SAP
C185645;12;13;SAP
C185645;13;14;SAP
C185645;14;15;SAP
C185645;15;16;SAP
C185645;16;17;SAP
C185645;17;18;SAP
C185645;18;19;SAP
C185645;19;20;SAP
C185645;20;21;BR
C185649;0;1;LIM
C185649;1;2;LIM
C185649;2;3;LIM
C185649;3;4;LIM
C185649;4;5;LIM
C185649;5;6;LIM
C185649;6;7;SAP
C185649;7;8;SAP
C185649;8;9;SAP
C185649;9;10;SAP
C185649;10;11;SAP
C185649;11;12;SAP
C185649;12;13;SAP
C185649;13;14;SAP
C185649;14;15;SAP
C185649;15;16;SAP
C185649;16;17;SAP
C185649;17;18;SAP
C185649;18;19;SAP
C185649;19;20;SAP
C185649;20;21;SAP
C185649;21;22;SAP
C185649;22;23;SAP
C185649;23;24;SAP
C185649;24;25;SAP
C185649;25;26;SAP
C185649;26;27;SAP
C185649;27;27.7;SAP
C185649;27.7;28;SAP
C185649;28;29;BR
C185649;29;30;BR
C185649;30;31;BR
C185649;31;32;BR
C185649;32;32.4;BR
C185650;0;1;LIM
C185650;1;2;LIM
C185650;2;3;LIM
C185650;3;4;LIM
C185650;4;5;LIM
C185650;5;6;LIM
C185650;6;7;LIM
C185650;7;8;LIM
C185650;8;9;LIM
C185650;9;10;LIM
C185650;10;11;LIM
C185650;11;11.21;LIM
C185650;11.21;11.42;LIM
C185650;11.42;12;SAP
C185650;12;13;SAP
C185650;13;13.34;BR
C185650;13.34;13.81;BR
C185650;13.81;14;BR
C185650;14;15;BR
C185650;15;16;BR
C185650;16;17;BR
C185650;17;17.3;BR
C185655;0;1;LIM
C185655;1;2;LIM
C185655;2;3;LIM
C185655;3;4;LIM
C185655;4;5;LIM
C185655;5;6;LIM
C185655;6;7;LIM
C185655;7;8;LIM
C185655;8;9;LIM
C185655;9;10;LIM
C185655;10;11;LIM
C185655;11;12;LIM
C185655;12;13;SAP
C185655;13;14;SAP
C185655;14;15;SAP
C185655;15;16;SAP
C185655;16;17;SAP
C185655;17;18;SAP
C185655;18;19;BR
C185655;19;20;BR
C185655;20;21;BR
C185656;0;1;LIM
C185656;1;2;LIM
C185656;2;3;LIM
C185656;3;4;LIM
C185656;4;5;LIM
C185656;5;6;LIM
C185656;6;7;LIM
C185656;7;8;LIM
C185656;8;9;SAP
C185656;9;10;SAP
C185656;10;11;SAP
C185656;11;12;SAP
C185656;12;13;SAP
C185656;13;14;SAP
C185656;14;15;SAP
C185656;15;16;SAP
C185656;16;17;SAP
C185656;17;18;BR
C185656;18;19;BR
C185656;19;20;BR
C185656;20;21;BR
C185656;21;22;BR
C185656;22;23;BR
C185656;23;23.25;BR
C185657;0;1;LIM
C185657;1;2;LIM
C185657;2;3;LIM
C185657;3;4;LIM
C185657;4;5;LIM
C185657;5;5.25;SAP
C185657;5.25;6;SAP
C185657;6;7;SAP
C185657;7;8;SAP
C185657;8;8.5;SAP
C185657;8.5;9;SAP
C185657;9;10;BR
C185657;10;11;BR
C185657;11;11.78;BR
C185665;0;1;LIM
C185665;1;2;LIM
C185665;2;3;LIM
C185665;3;4;LIM
C185665;4;5;LIM
C185665;5;6;LIM
C185665;6;7;SAP
C185665;7;8;BR
C185665;8;9;BR
C185665;9;10;BR
C185665;10;10.17;BR
C185665;10.17;11;BR
C185665;11;12;BR
C185665;12;12.58;BR
C185665;12.58;13;BR
C185665;13;13.24;BR
C185665;13.24;14;BR
C185665;14;15;BR
C185665;15;16;BR
C185666;0;1;LIM
C185666;1;2;LIM
C185666;2;3;LIM
C185666;3;4;LIM
C185666;4;5;LIM
C185666;5;6;LIM
C185666;6;7;LIM
C185666;7;8;LIM
C185666;8;9;LIM
C185666;9;10;LIM
C185666;10;11;LIM
C185666;11;12;LIM
C185666;12;13;LIM
C185666;13;14;SAP
C185666;14;15;SAP
C185666;15;15.23;SAP
C185666;15.23;16;BR
C185666;16;17;BR
C185666;17;18;BR
C185666;18;18.24;BR
C185667;0;1;LIM
C185667;1;2;LIM
C185667;2;3;LIM
C185667;3;4;LIM
C185667;4;5;LIM
C185667;5;6;LIM
C185667;6;7;LIM
C185667;7;8;LIM
C185667;8;9;LIM
C185667;9;10;SAP
C185667;10;11;SAP
C185667;11;12;SAP
C185667;12;13;SAP
C185667;13;14;SAP
C185667;14;15;SAP
C185667;15;16;SAP
C185667;16;17;BR
C185667;17;18;BR
C185667;18;19;BR
C185667;19;19.6;BR
C185668;0;1;LIM
C185668;1;2;LIM
C185668;2;3;LIM
C185668;3;4;LIM
C185668;4;5;LIM
C185668;5;6;LIM
C185668;6;7;LIM
C185668;7;8;LIM
C185668;8;9;LIM
C185668;9;10;LIM
C185668;10;11;LIM
C185668;11;12;SAP
C185668;12;13;SAP
C185668;13;14;SAP
C185668;14;14.35;SAP
C185668;14.35;14.61;SAP
C185668;14.61;15;SAP
C185668;15;16;SAP
C185668;16;17;SAP
C185668;17;18;SAP
C185668;18;19;SAP
C185668;19;20;SAP
C185668;20;21;SAP
C185668;21;22;SAP
C185668;22;23;SAP
C185668;23;24;SAP
C185668;24;24.69;SAP
C185668;24.69;25;SAP
C185668;25;25.48;SAP
C185668;25.48;25.8;SAP
C185668;25.8;26;SAP
C185668;26;26.55;SAP
C185668;26.55;26.8;SAP
C185668;26.8;27;SAP
C185668;27;28;SAP
C185668;28;28.64;SAP
C185668;28.64;29;SAP
C185668;29;30;BR
C185668;30;31;BR
C185668;31;32;BR
C185668;32;33;BR
C185668;33;34;BR
C185668;34;35;BR
C185668;35;36;BR
C185668;36;36.3;BR
C185669;0;1;LIM
C185669;1;2;LIM
C185669;2;3;LIM
C185669;3;4;LIM
C185669;4;5;LIM
C185669;5;6;LIM
C185669;6;7;LIM
C185669;7;8;LIM
C185669;8;9;SAP
C185669;9;10;SAP
C185669;10;11;SAP
C185669;11;12;SAP
C185669;12;13;SAP
C185669;13;13.22;SAP
C185669;13.22;14;SAP
C185669;14;15;SAP
C185669;15;16;SAP
C185669;16;16.31;SAP
C185669;16.31;16.83;SAP
C185669;16.83;17;SAP
C185669;17;17.45;SAP
C185669;17.45;18;SAP
C185669;18;19;SAP
C185669;19;20;SAP
C185670;0;1;LIM
C185670;1;2;LIM
C185670;2;3;LIM
C185670;3;4;LIM
C185670;4;5;LIM
C185670;5;6;LIM
C185670;6;7;LIM
C185670;7;8;LIM
C185670;8;9;LIM
C185670;9;10;LIM
C185670;10;11;LIM
C185670;11;12;LIM
C185670;12;13;SAP
C185670;13;14;SAP
C185670;14;15;SAP
C185670;15;16;SAP
C185670;16;17;BR
C185670;17;18;BR
C185671;0;1;LIM
C185671;1;2;LIM
C185671;2;3;LIM
C185671;3;4;LIM
C185671;4;5;LIM
C185671;5;6;LIM
C185671;6;6.7;LIM
C185671;6.7;7;LIM
C185671;7;8;LIM
C185671;8;9;LIM
C185671;9;9.3;LIM
C185671;9.3;9.52;SAP
C185671;9.52;9.75;SAP
C185671;9.75;10;SAP
C185671;10;10.3;SAP
C185671;10.3;10.5;SAP
C185671;10.5;10.75;SAP
C185671;10.75;11;SAP
C185671;11;12;SAP
C185671;12;12.65;SAP
C185671;12.65;13;BR
C185671;13;14;BR
C185671;14;15;BR
C185671;15;16;BR
C185671;16;17;BR
C185672;0;1;LIM
C185672;1;2;LIM
C185672;2;3;LIM
C185672;3;4;LIM
C185672;4;5;SAP
C185672;5;6;SAP
C185672;6;6.52;SAP
C185672;6.52;7;SAP
C185672;7;8;BR
C185672;8;9;BR
C185672;9;10;BR
C185672;10;10.45;BR
C185673;0;1;LIM
C185673;1;2;LIM
C185673;2;3;LIM
C185673;3;4;LIM
C185673;4;5;LIM
C185673;5;6;LIM
C185673;6;7;LIM
C185673;7;8;LIM
C185673;8;9;LIM
C185673;9;10;LIM
C185673;10;11;SAP
C185673;11;12;SAP
C185673;12;13;SAP
C185673;13;14;SAP
C185673;14;14.77;SAP
C185673;14.77;15;BR
C185673;15;16;BR
C185673;16;17;BR
C185673;17;18;BR
C185676;0;1;LIM
C185676;1;2;LIM
C185676;2;3;LIM
C185676;3;4;LIM
C185676;4;5;SAP
C185676;5;6;SAP
C185676;6;7;SAP
C185676;7;8;SAP
C185676;8;9;BR
C185676;9;10;BR
C185676;10;11;BR
C185687;0;1;LIM
C185687;1;2;LIM
C185687;2;3;LIM
C185687;3;4;LIM
C185687;4;5;LIM
C185687;5;6;LIM
C185687;6;7;LIM
C185687;7;8;LIM
C185687;8;9;LIM
C185687;9;10;LIM
C185687;10;11;LIM
C185687;11;12;LIM
C185687;12;13;LIM
C185687;13;14;LIM
C185687;14;15;LIM
C185687;15;16;SAP
C185687;16;17;SAP
C185687;17;18;SAP
C185687;18;19;SAP
C185687;19;20;SAP
C185687;20;21;SAP
C185687;21;22;SAP
C185687;22;23;SAP
C185687;23;24;SAP
C185687;24;25;SAP
C185687;25;26;SAP
C185687;26;27;SAP
C185687;27;27.44;SAP
C185687;27.44;28;SAP
C185687;28;29;SAP
C185687;29;30;SAP
C185687;30;30.56;SAP
C185687;30.56;31;SAP
C185687;31;32;SAP
C185687;32;33;SAP
C185687;33;34;SAP
C185687;34;34.3;SAP
C185687;34.3;35;BR
C185687;35;36;BR
C185687;36;36.35;BR
C185687;36.35;37;BR
C185687;37;38;BR
C185687;38;38.3;BR
C185688;0;1;LIM
C185688;1;2;LIM
C185688;2;3;LIM
C185688;3;4;LIM
C185688;4;5;LIM
C185688;5;6;LIM
C185688;6;7;LIM
C185688;7;8;SAP
C185688;8;9;SAP
C185688;9;10;SAP
C185688;10;11;SAP
C185688;11;12;SAP
C185688;12;13;SAP
C185688;13;14;SAP
C185688;14;15;SAP
C185688;15;16;SAP
C185688;16;17;SAP
C185688;17;18;SAP
C185688;18;19;SAP
C185688;19;20;SAP
C185688;20;21;SAP
C185688;21;22;SAP
C185688;22;23;SAP
C185688;23;24;SAP
C185688;24;25;SAP
C185688;25;25.3;SAP
C185688;25.3;26;SAP
C185688;26;27;SAP
C185688;27;28;BR
C185689;0;1;LIM
C185689;1;2;LIM
C185689;2;3;LIM
C185689;3;4;LIM
C185689;4;5;LIM
C185689;5;6;LIM
C185689;6;7;LIM
C185689;7;8;LIM
C185689;8;9;LIM
C185689;9;10;SAP
C185689;10;11;SAP
C185689;11;12;SAP
C185689;12;13;SAP
C185689;13;14;SAP
C185689;14;15;SAP
C185689;15;16;SAP
C185689;16;17;SAP
C185689;17;18;SAP
C185689;18;19;SAP
C185689;19;19.55;SAP
C185689;19.55;20;SAP
C185689;20;21;SAP
C185689;21;22;BR
C185689;22;23;BR
C185689;23;23.65;BR
C185692;0;1;LIM
C185692;1;2;LIM
C185692;2;3;LIM
C185692;3;4;LIM
C185692;4;5;LIM
C185692;5;6;LIM
C185692;6;7;LIM
C185692;7;8;LIM
C185692;8;9;LIM
C185692;9;10;LIM
C185692;10;11;LIM
C185692;11;12;SAP
C185692;12;13;SAP
C185692;13;13.47;SAP
C185692;13.47;14;SAP
C185692;14;15;SAP
C185692;15;16;SAP
C185692;16;17;SAP
C185692;17;17.27;SAP
C185692;17.27;18;BR
C185692;18;19;BR
C185692;19;19.6;BR
C185693;0;1;LIM
C185693;1;2;LIM
C185693;2;3;LIM
C185693;3;4;LIM
C185693;4;5;LIM
C185693;5;6;LIM
C185693;6;7;SAP
C185693;7;8;SAP
C185693;8;9;SAP
C185693;9;10;SAP
C185693;10;10.44;SAP
C185693;10.44;11;SAP
C185693;11;12;SAP
C185693;12;13;SAP
C185693;13;14;SAP
C185693;14;15;BR
C185693;15;16;BR
C185693;16;17;BR
C185694;0;1;LIM
C185694;1;2;LIM
C185694;2;3;LIM
C185694;3;3.46;LIM
C185694;3.46;4;SAP
C185694;4;5;SAP
C185694;5;6;SAP
C185694;6;7;SAP
C185694;7;7.49;SAP
C185694;7.49;8;SAP
C185694;8;8.74;SAP
C185694;8.74;9;SAP
C185694;9;9.41;SAP
C185694;9.41;10;SAP
C185694;10;11;SAP
C185694;11;12;SAP
C185694;12;13;SAP
C185694;13;14;SAP
C185695;0;1;LIM
C185695;1;2;LIM
C185695;2;3;LIM
C185695;3;4;LIM
C185695;4;5;LIM
C185695;5;6;SAP
C185695;6;7;SAP
C185695;7;8;SAP
C185695;8;9;SAP
C185695;9;10;SAP
C185695;10;10.26;SAP
C185695;10.26;11;BR
C185695;11;11.23;BR
C185695;11.23;12;BR
C185695;12;12.53;BR
C185695;12.53;13;BR
C185695;13;14;BR
C185695;14;15;BR
C185740;0;1;LIM
C185740;1;2;LIM
C185740;2;3;LIM
C185740;3;4;LIM
C185740;4;5;LIM
C185740;5;6;LIM
C185740;6;7;SAP
C185740;7;8;SAP
C185740;8;9;SAP
C185740;9;10;SAP
C185740;10;11;SAP
C185740;11;11.71;SAP
C185740;11.71;12;SAP
C185740;12;12.37;SAP
C185740;12.37;12.58;SAP
C185740;12.58;13;SAP
C185740;13;13.35;SAP
C185740;13.35;14;BR
C185740;14;15;BR
C185740;15;15.35;BR
C185740;15.35;16;BR
C185740;16;17;BR
C185740;17;18;BR
C185740;18;19;BR
C185741;0;1;LIM
C185741;1;2;LIM
C185741;2;3;LIM
C185741;3;4;LIM
C185741;4;5;LIM
C185741;5;6;LIM
C185741;6;7;LIM
C185741;7;8;LIM
C185741;8;9;LIM
C185741;9;10;LIM
C185741;10;11;LIM
C185741;11;12;LIM
C185741;12;13;LIM
C185741;13;14;LIM
C185741;14;15;LIM
C185741;15;16;LIM
C185741;16;17;LIM
C185741;17;18;LIM
C185741;18;19;LIM
C185741;19;20;LIM
C185741;20;21;LIM
C185741;21;22;LIM
C185741;22;23;SAP
C185741;23;24;SAP
C185741;24;24.28;SAP
C185741;24.28;24.68;SAP
C185741;24.68;25;SAP
C185741;25;25.75;SAP
C185741;25.75;26;BR
C185741;26;26.32;BR
C185741;26.32;27;BR
C185741;27;27.37;BR
C185741;27.37;28;BR
C185741;28;29;BR
C185741;29;30;BR
C185741;30;30.6;BR
C185742;0;1;LIM
C185742;1;2;LIM
C185742;2;3;LIM
C185742;3;4;LIM
C185742;4;5;LIM
C185742;5;6;LIM
C185742;6;7;LIM
C185742;7;8;LIM
C185742;8;9;LIM
C185742;9;10;LIM
C185742;10;11;LIM
C185742;11;12;LIM
C185742;12;13;SAP
C185742;13;14;SAP
C185742;14;15;SAP
C185742;15;16;SAP
C185742;16;16.71;SAP
C185742;16.71;17;SAP
C185742;17;17.67;SAP
C185742;17.67;18;SAP
C185742;18;18.3;SAP
C185742;18.3;18.55;SAP
C185742;18.55;19;BR
C185742;19;19.42;BR
C185742;19.42;20;BR
C185742;20;21;BR
C185742;21;22;BR
C185742;22;23;BR
C185742;23;24;BR
C185743;0;1;LIM
C185743;1;2;LIM
C185743;2;3;LIM
C185743;3;4;LIM
C185743;4;5;LIM
C185743;5;6;LIM
C185743;6;7;LIM
C185743;7;8;LIM
C185743;8;9;LIM
C185743;9;10;LIM
C185743;10;11;LIM
C185743;11;12;LIM
C185743;12;13;LIM
C185743;13;14;LIM
C185743;14;15;SAP
C185743;15;15.5;SAP
C185743;15.5;16;SAP
C185743;16;16.53;SAP
C185743;16.53;17;SAP
C185743;17;18;SAP
C185743;18;18.64;SAP
C185743;18.64;19;SAP
C185743;19;19.31;SAP
C185743;19.31;20;SAP
C185743;20;21;SAP
C185743;21;22;SAP
C185743;22;23;SAP
C185743;23;24;SAP
C185743;24;24.25;SAP
C185743;24.25;25;SAP
C185743;25;26;SAP
C185743;26;27;SAP
C185743;27;28;SAP
C185743;28;29;BR
C185743;29;30;BR
C185743;30;31;BR
C185743;31;32;BR
C185744;0;1;LIM
C185744;1;2;LIM
C185744;2;3;LIM
C185744;3;4;LIM
C185744;4;5;LIM
C185744;5;6;LIM
C185744;6;7;LIM
C185744;7;8;LIM
C185744;8;9;LIM
C185744;9;10;LIM
C185744;10;11;SAP
C185744;11;12;SAP
C185744;12;13;SAP
C185744;13;14;SAP
C185744;14;15;SAP
C185744;15;16;SAP
C185744;16;17;SAP
C185744;17;17.7;SAP
C185744;17.7;18;SAP
C185744;18;19;SAP
C185744;19;20;BR
C185744;20;21;BR
C185744;21;21.32;BR
C185744;21.32;22;BR
C185744;22;23;BR
C185745;0;1;LIM
C185745;1;2;LIM
C185745;2;3;LIM
C185745;3;4;LIM
C185745;4;5;LIM
C185745;5;6;SAP
C185745;6;7;SAP
C185745;7;8;SAP
C185745;8;8.35;SAP
C185745;8.35;9;SAP
C185745;9;10;SAP
C185745;10;10.5;BR
C185745;10.5;11;BR
C185745;11;12;BR
C185745;12;13;BR
C185783;0;1;LIM
C185783;1;2;LIM
C185783;2;3;LIM
C185783;3;4;LIM
C185783;4;5;LIM
C185783;5;6;LIM
C185783;6;7;LIM
C185783;7;8;LIM
C185783;8;9;LIM
C185783;9;10;LIM
C185783;10;11;LIM
C185783;11;12;LIM
C185783;12;13;LIM
C185783;13;14;SAP
C185783;14;15;SAP
C185783;15;15.8;SAP
C185783;15.8;16;SAP
C185783;16;16.6;BR
C185783;16.6;17;BR
C185783;17;18;BR
C185783;18;19;BR
C185794;0;1;LIM
C185794;1;2;LIM
C185794;2;3;LIM
C185794;3;4;SAP
C185794;4;5;SAP
C185794;5;6;SAP
C185794;6;6.3;BR
C185794;6.3;7;BR
C185794;7;7.45;BR
C185795;0;1;LIM
C185795;1;2;LIM
C185795;2;3;LIM
C185795;3;4;LIM
C185795;4;5;LIM
C185795;5;6;LIM
C185795;6;7;LIM
C185795;7;8;LIM
C185795;8;9;SAP
C185795;9;10;SAP
C185795;10;11;SAP
C185795;11;12;SAP
C185795;12;13;SAP
C185795;13;14;SAP
C185795;14;15;SAP
C185795;15;16;SAP
C185795;16;17;SAP
C185795;17;18;SAP
C185795;18;19;SAP
C185795;19;20;SAP
C185795;20;21;SAP
C185795;21;22;SAP
C185795;22;23;SAP
C185795;23;23.55;BR
C185814;0;1;LIM
C185814;1;2;LIM
C185814;2;3;LIM
C185814;3;4;LIM
C185814;4;5;LIM
C185814;5;6;LIM
C185814;6;7;LIM
C185814;7;8;LIM
C185814;8;9;LIM
C185814;9;10;LIM
C185814;10;11;LIM
C185814;11;12;LIM
C185814;12;13;LIM
C185814;13;13.35;SAP
C185814;13.35;14;SAP
C185814;14;14.75;SAP
C185814;14.75;15;SAP
C185814;15;15.2;SAP
C185814;15.2;16;SAP
C185814;16;16.8;SAP
C185814;16.8;17;SAP
C185814;17;18;SAP
C185814;18;19;SAP
C185814;19;20;SAP
C185814;20;21;BR
C185814;21;22;BR
C185814;22;23;BR
C185866;0;1;LIM
C185866;1;2;LIM
C185866;2;3;LIM
C185866;3;4;LIM
C185866;4;5;LIM
C185866;5;6;LIM
C185866;6;7;LIM
C185866;7;8;LIM
C185866;8;9;LIM
C185866;9;10;LIM
C185866;10;11;LIM
C185866;11;12;LIM
C185866;12;13;LIM
C185866;13;14;LIM
C185866;14;15;LIM
C185866;15;16;SAP
C185866;16;17;SAP
C185866;17;17.78;SAP
C185866;17.78;18;BR
C185866;18;19;BR
C185866;19;19.72;BR
C185866;19.72;20;BR
C185866;20;20.54;BR
C185866;20.54;20.8;BR
C185866;20.8;21;BR
C185866;21;21.27;BR
C185866;21.27;22;BR
C185866;22;23;BR
C185866;23;24;BR
C185867;0;1;LIM
C185867;1;2;LIM
C185867;2;3;LIM
C185867;3;4;LIM
C185867;4;5;LIM
C185867;5;6;LIM
C185867;6;7;LIM
C185867;7;8;LIM
C185867;8;9;LIM
C185867;9;10;LIM
C185867;10;11;LIM
C185867;11;12;LIM
C185867;12;13;SAP
C185867;13;14;SAP
C185867;14;15;SAP
C185867;15;16;SAP
C185867;16;16.45;SAP
C185867;16.45;16.77;SAP
C185867;16.77;17;SAP
C185867;17;17.83;SAP
C185867;17.83;18;SAP
C185867;18;19;BR
C185867;19;20;BR
C185867;20;21;BR
C185868;0;1;LIM
C185868;1;2;LIM
C185868;2;3;LIM
C185868;3;4;LIM
C185868;4;5;LIM
C185868;5;6;LIM
C185868;6;7;LIM
C185868;7;8;LIM
C185868;8;9;LIM
C185868;9;10;LIM
C185868;10;11;LIM
C185868;11;12;LIM
C185868;12;13;LIM
C185868;13;14;SAP
C185868;14;15;SAP
C185868;15;15.6;SAP
C185868;15.6;16;SAP
C185868;16;17;BR
C185868;17;17.5;BR
C185868;17.5;18;BR
C185868;18;19;BR
C185868;19;20;BR
C185868;20;21;BR
C185868;21;22;BR
C185869;0;1;LIM
C185869;1;2;LIM
C185869;2;3;LIM
C185869;3;4;LIM
C185869;4;5;LIM
C185869;5;6;LIM
C185869;6;7;LIM
C185869;7;8;LIM
C185869;8;9;LIM
C185869;9;10;LIM
C185869;10;11;LIM
C185869;11;11.37;SAP
C185869;11.37;12;BR
C185869;12;13;BR
C185869;13;14;BR
C185869;14;14.25;BR
C185869;14.25;15;BR
C185869;15;15.47;BR
C185869;15.47;15.74;BR
C185869;15.74;16;BR
C185869;16;16.55;BR
C185869;16.55;17;BR
C185869;17;17.25;BR
C185869;17.25;17.75;BR
C185869;17.75;18;BR
C185869;18;19;BR
C185869;19;19.3;BR
C185869;19.3;19.6;BR
C185869;19.6;20;BR
C185869;20;21;BR
C185869;21;22;BR
C185870;0;1;LIM
C185870;1;2;LIM
C185870;2;3;LIM
C185870;3;4;LIM
C185870;4;5;LIM
C185870;5;6;LIM
C185870;6;7;LIM
C185870;7;8;LIM
C185870;8;9;LIM
C185870;9;10;LIM
C185870;10;11;SAP
C185870;11;11.3;SAP
C185870;11.3;12;SAP
C185870;12;12.68;SAP
C185870;12.68;13;SAP
C185870;13;13.44;SAP
C185870;13.44;14;SAP
C185870;14;15;SAP
C185870;15;15.67;SAP
C185870;15.67;16;SAP
C185870;16;16.7;SAP
C185870;16.7;17;SAP
C185870;17;17.18;SAP
C185870;17.18;18;SAP
C185870;18;19;SAP
C185870;19;20;BR
C185870;20;21;BR
C185872;0;1;LIM
C185872;1;2;LIM
C185872;2;3;LIM
C185872;3;4;LIM
C185872;4;5;LIM
C185872;5;6;LIM
C185872;6;7;LIM
C185872;7;8;LIM
C185872;8;9;LIM
C185872;9;10;LIM
C185872;10;11;LIM
C185872;11;12;LIM
C185872;12;13;LIM
C185872;13;14;LIM
C185872;14;15;SAP
C185872;15;16;SAP
C185872;16;17;SAP
C185872;17;18;SAP
C185872;18;18.25;SAP
C185872;18.25;19;SAP
C185872;19;20;SAP
C185872;20;20.35;SAP
C185872;20.35;20.63;SAP
C185872;20.63;21;SAP
C185872;21;21.68;SAP
C185872;21.68;22;BR
C185872;22;23;BR
C185872;23;24;BR
C185872;24;25;BR
C185874;0;1;LIM
C185874;1;2;LIM
C185874;2;3;LIM
C185874;3;4;LIM
C185874;4;5;LIM
C185874;5;6;LIM
C185874;6;7;LIM
C185874;7;8;LIM
C185874;8;8.19;LIM
C185874;8.19;8.61;LIM
C185874;8.61;9;LIM
C185874;9;9.66;LIM
C185874;9.66;10;LIM
C185874;10;10.35;LIM
C185874;10.35;10.54;LIM
C185874;10.54;11;LIM
C185874;11;12;LIM
C185874;12;12.6;SAP
C185874;12.6;13;SAP
C185874;13;14;SAP
C185874;14;14.33;SAP
C185874;14.33;15;SAP
C185874;15;16;SAP
C185874;16;17;SAP
C185874;17;17.29;SAP
C185874;17.29;17.5;SAP
C185874;17.5;18;SAP
C185874;18;18.84;SAP
C185874;18.84;19;SAP
C185874;19;20;BR
C185874;20;21;BR
C185874;21;22;BR
C185874;22;22.25;BR
C185874;22.25;22.65;BR
C185874;22.65;23;BR
C185874;23;23.43;BR
C185874;23.43;24;BR
C185874;24;25;BR
C185874;25;26;BR
C185874;26;26.35;BR
C185874;26.35;27;BR
C185874;27;28;BR
C185874;28;28.4;BR
C185874;28.4;29;BR
C185874;29;30;BR
C185874;30;31;BR
C185875;0;1;LIM
C185875;1;2;LIM
C185875;2;3;LIM
C185875;3;4;LIM
C185875;4;5;LIM
C185875;5;6;LIM
C185875;6;7;LIM
C185875;7;8;LIM
C185875;8;9;LIM
C185875;9;9.57;LIM
C185875;9.57;10;LIM
C185875;10;11;LIM
C185875;11;12;LIM
C185875;12;13;LIM
C185875;13;14;LIM
C185875;14;15;LIM
C185875;15;16;LIM
C185875;16;17;LIM
C185875;17;17.48;LIM
C185875;17.48;18;LIM
C185875;18;19;LIM
C185875;19;20;LIM
C185875;20;21;LIM
C185875;21;22;LIM
C185875;22;23;LIM
C185875;23;24;LIM
C185875;24;24.44;LIM
C185875;24.44;25;LIM
C185875;25;26;SAP
C185875;26;27;SAP
C185875;27;28;SAP
C185875;28;29;SAP
C185875;29;29.76;SAP
C185875;29.76;30;BR
C185875;30;31;BR
C185875;31;32;BR
C185875;32;33;BR
C185875;33;34;BR
C185876;0;1;LIM
C185876;1;2;LIM
C185876;2;3;LIM
C185876;3;4;LIM
C185876;4;5;LIM
C185876;5;6;LIM
C185876;6;7;LIM
C185876;7;8;LIM
C185876;8;9;LIM
C185876;9;9.75;LIM
C185876;9.75;10;LIM
C185876;10;11;LIM
C185876;11;12;LIM
C185876;12;13;LIM
C185876;13;14;LIM
C185876;14;15;LIM
C185876;15;16;LIM
C185876;16;17;LIM
C185876;17;18;SAP
C185876;18;19;SAP
C185876;19;20;SAP
C185876;20;21;SAP
C185876;21;22;BR
C185876;22;22.3;BR
C185876;22.3;23;BR
C185876;23;23.38;BR
C185876;23.38;24;BR
C185876;24;25;BR
C185876;25;25.4;BR
C185876;25.4;26;BR
C185876;26;26.7;BR
C185876;26.7;27;BR
C185876;27;28;BR
C185876;28;29;BR
C185876;29;29.37;BR
C185876;29.37;30;BR
C185876;30;30.6;BR
C185876;30.6;31;BR
C185876;31;32;BR
C185876;32;33;BR
C185876;33;34;BR
C185876;34;35;BR
C185877;0;1;LIM
C185877;1;2;LIM
C185877;2;3;LIM
C185877;3;4;LIM
C185877;4;5;LIM
C185877;5;6;LIM
C185877;6;7;LIM
C185877;7;8;LIM
C185877;8;9;LIM
C185877;9;10;LIM
C185877;10;11;LIM
C185877;11;12;LIM
C185877;12;13;SAP
C185877;13;14;SAP
C185877;14;15;SAP
C185877;15;16;SAP
C185877;16;17;SAP
C185877;17;18;BR
C185877;18;19;BR
C185877;19;20;BR
C185881;0;1;LIM
C185881;1;2;LIM
C185881;2;3;LIM
C185881;3;4;LIM
C185881;4;5;LIM
C185881;5;6;LIM
C185881;6;7;LIM
C185881;7;8;LIM
C185881;8;9;LIM
C185881;9;10;LIM
C185881;10;11;LIM
C185881;11;12;SAP
C185881;12;13;SAP
C185881;13;14;SAP
C185881;14;15;SAP
C185881;15;16;SAP
C185881;16;17;SAP
C185881;17;18;SAP
C185881;18;19;SAP
C185881;19;20;SAP
C185881;20;21;SAP
C185881;21;22;SAP
C185881;22;23;SAP
C185881;23;23.18;SAP
C185881;23.18;24;SAP
C185881;24;24.63;SAP
C185881;24.63;25;SAP
C185881;25;26;SAP
C185881;26;27;SAP
C185881;27;27.27;SAP
C185881;27.27;27.6;SAP
C185881;27.6;28;SAP
C185881;28;28.54;SAP
C185881;28.54;29;SAP
C185881;29;29.23;SAP
C185881;29.23;30;SAP
C185881;30;31;SAP
C185881;31;31.38;SAP
C185881;31.38;32;BR
C185881;32;32.7;BR
C185881;32.7;33;BR
C185881;33;34;BR
C185881;34;34.75;BR
C185881;34.75;35;BR
C185881;35;36;BR
C185881;36;37;BR
C185882;0;1;LIM
C185882;1;2;LIM
C185882;2;3;LIM
C185882;3;4;LIM
C185882;4;5;LIM
C185882;5;6;LIM
C185882;6;7;LIM
C185882;7;8;LIM
C185882;8;9;LIM
C185882;9;10;LIM
C185882;10;11;LIM
C185882;11;12;LIM
C185882;12;13;SAP
C185882;13;14;SAP
C185882;14;15;SAP
C185882;15;16;SAP
C185882;16;17;SAP
C185882;17;18;SAP
C185882;18;19;SAP
C185882;19;20;SAP
C185882;20;20.8;SAP
C185882;20.8;21;SAP
C185882;21;22;SAP
C185882;22;22.2;SAP
C185882;22.2;22.83;SAP
C185882;22.83;23;BR
C185882;23;24;BR
C185882;24;25;BR
C185882;25;26;BR
C185883;0;1;LIM
C185883;1;2;LIM
C185883;2;3;LIM
C185883;3;4;LIM
C185883;4;5;LIM
C185883;5;6;LIM
C185883;6;7;LIM
C185883;7;8;LIM
C185883;8;9;LIM
C185883;9;10;LIM
C185883;10;11;LIM
C185883;11;12;LIM
C185883;12;13;LIM
C185883;13;14;SAP
C185883;14;14.75;SAP
C185883;14.75;15;SAP
C185883;15;16;SAP
C185883;16;16.45;SAP
C185883;16.45;16.8;SAP
C185883;16.8;17;SAP
C185883;17;17.24;SAP
C185883;17.24;18;SAP
C185883;18;18.75;SAP
C185883;18.75;19;SAP
C185883;19;19.45;SAP
C185883;19.45;19.75;SAP
C185883;19.75;20;SAP
C185883;20;20.42;SAP
C185883;20.42;20.65;SAP
C185883;20.65;21;SAP
C185883;21;22;SAP
C185883;22;22.17;SAP
C185883;22.17;23;SAP
C185883;23;24;SAP
C185883;24;24.5;SAP
C185883;24.5;25;BR
C185883;25;25.3;BR
C185883;25.3;26;BR
C185883;26;27;BR
C185883;27;28;BR
C185884;0;1;LIM
C185884;1;2;LIM
C185884;2;3;LIM
C185884;3;4;LIM
C185884;4;5;LIM
C185884;5;6;LIM
C185884;6;7;LIM
C185884;7;8;LIM
C185884;8;9;LIM
C185884;9;10;LIM
C185884;10;11;LIM
C185884;11;11.16;LIM
C185884;11.16;11.83;LIM
C185884;11.83;12;LIM
C185884;12;13;LIM
C185884;13;14;SAP
C185884;14;15;SAP
C185884;15;15.25;BR
C185884;15.25;15.6;BR
C185884;15.6;16;BR
C185884;16;17;BR
C185884;17;17.6;BR
C185884;17.6;18;BR
C185884;18;18.37;BR
C185884;18.37;19;BR
C185884;19;19.25;BR
C185884;19.25;20;BR
C185884;20;21;BR
C185884;21;22;BR
C185884;22;22.6;BR
C185884;22.6;23;BR
C185884;23;24;BR
C185884;24;25;BR
C185885;0;1;LIM
C185885;1;2;LIM
C185885;2;3;LIM
C185885;3;4;LIM
C185885;4;5;LIM
C185885;5;6;LIM
C185885;6;6.33;LIM
C185885;6.33;6.55;LIM
C185885;6.55;7;LIM
C185885;7;8;LIM
C185885;8;9;LIM
C185885;9;10;LIM
C185885;10;11;LIM
C185885;11;12;LIM
C185885;12;12.38;SAP
C185885;12.38;13;SAP
C185885;13;14;BR
C185885;14;15;BR
C185885;15;15.55;BR
C185885;15.55;16;BR
C185885;16;17;BR
C185886;0;1;LIM
C185886;1;2;LIM
C185886;2;3;LIM
C185886;3;4;LIM
C185886;4;5;LIM
C185886;5;6;LIM
C185886;6;7;LIM
C185886;7;8;LIM
C185886;8;9;SAP
C185886;9;10;SAP
C185886;10;11;SAP
C185886;11;11.39;SAP
C185886;11.39;12;SAP
C185886;12;13;SAP
C185886;13;13.15;SAP
C185886;13.15;14;BR
C185886;14;15;BR
C185886;15;15.77;BR
C185886;15.77;16;BR
C185886;16;17;BR
C185886;17;18;BR
C185886;18;19;BR
C185886;19;20;BR
C185886;20;21;BR
C185886;21;22;BR
C185886;22;23;BR
C185886;23;24;BR
C185886;24;25;BR
C185887;0;1;LIM
C185887;1;2;LIM
C185887;2;3;LIM
C185887;3;4;LIM
C185887;4;5;LIM
C185887;5;6;LIM
C185887;6;7;LIM
C185887;7;8;LIM
C185887;8;9;SAP
C185887;9;10;SAP
C185887;10;11;SAP
C185887;11;11.76;SAP
C185887;11.76;12;SAP
C185887;12;12.45;SAP
C185887;12.45;13;SAP
C185887;13;14;SAP
C185887;14;15;SAP
C185887;15;16;SAP
C185887;16;17;SAP
C185887;17;17.29;SAP
C185887;17.29;17.72;SAP
C185887;17.72;18;SAP
C185887;18;19;SAP
C185887;19;20;BR
C185887;20;21;BR
C185887;21;22;BR
C185887;22;23;BR
C185887;23;24;BR
C185888;0;1;LIM
C185888;1;2;LIM
C185888;2;3;LIM
C185888;3;4;LIM
C185888;4;5;LIM
C185888;5;6;LIM
C185888;6;7;LIM
C185888;7;8;SAP
C185888;8;9;SAP
C185888;9;10;SAP
C185888;10;11;SAP
C185888;11;12;SAP
C185888;12;13;SAP
C185888;13;14;SAP
C185888;14;15;SAP
C185888;15;16;SAP
C185888;16;17;SAP
C185888;17;18;SAP
C185888;18;19;SAP
C185888;19;20;SAP
C185888;20;21;SAP
C185888;21;22;BR
C185888;22;23;BR
C185888;23;23.42;BR
C185888;23.42;24;BR
C185888;24;25;BR
C185888;25;26;BR
C185888;26;27;BR
C185888;27;28;BR
C185888;28;29;BR
C185889;0;1;LIM
C185889;1;2;LIM
C185889;2;3;LIM
C185889;3;4;LIM
C185889;4;5;LIM
C185889;5;6;LIM
C185889;6;7;LIM
C185889;7;8;LIM
C185889;8;9;LIM
C185889;9;10;LIM
C185889;10;11;SAP
C185889;11;12;SAP
C185889;12;13;SAP
C185889;13;14;SAP
C185889;14;15;SAP
C185889;15;16;SAP
C185889;16;17;SAP
C185889;17;18;SAP
C185889;18;19;SAP
C185889;19;20;SAP
C185889;20;21;SAP
C185889;21;22;SAP
C185889;22;23;SAP
C185889;23;24;SAP
C185889;24;24.34;SAP
C185889;24.34;25;SAP
C185889;25;26;BR
C185889;26;26.79;BR
C185889;26.79;27;BR
C185889;27;28;BR
C185889;28;29;BR
C185889;29;30;BR
C185890;0;1;LIM
C185890;1;2;LIM
C185890;2;3;LIM
C185890;3;4;LIM
C185890;4;5;LIM
C185890;5;6;LIM
C185890;6;7;SAP
C185890;7;8;SAP
C185890;8;9;SAP
C185890;9;10;SAP
C185890;10;10.18;SAP
C185890;10.18;11;SAP
C185890;11;12;SAP
C185890;12;13;SAP
C185890;13;14;SAP
C185890;14;15;SAP
C185890;15;15.78;SAP
C185890;15.78;16;SAP
C185890;16;17;SAP
C185890;17;18;SAP
C185890;18;19;SAP
C185890;19;20;SAP
C185890;20;20.6;BR
C185890;20.6;21;BR
C185890;21;22;BR
C185890;22;23;BR
C185890;23;24;BR
C185890;24;25;BR
C185917;0;1;LIM
C185917;1;2;LIM
C185917;2;3;LIM
C185917;3;4;LIM
C185917;4;5;LIM
C185917;5;6;LIM
C185917;6;7;LIM
C185917;7;8;LIM
C185917;8;9;LIM
C185917;9;10;LIM
C185917;10;11;LIM
C185917;11;12;LIM
C185917;12;13;SAP
C185917;13;14;SAP
C185917;14;15;SAP
C185917;15;15.2;SAP
C185917;15.2;16;SAP
C185917;16;16.4;BR
C185917;16.4;17;BR
C185917;17;18;BR
C185917;18;19;BR
C185918;0;1;LIM
C185918;1;2;LIM
C185918;2;3;LIM
C185918;3;4;LIM
C185918;4;5;LIM
C185918;5;6;SAP
C185918;6;7;SAP
C185918;7;8;SAP
C185918;8;9;SAP
C185918;9;9.7;SAP
C185918;9.7;10;SAP
C185918;10;10.7;BR
C185918;10.7;11;BR
C185918;11;12;BR
C185918;12;13;BR
C185919;0;1;LIM
C185919;1;2;LIM
C185919;2;3;LIM
C185919;3;4;LIM
C185919;4;5;LIM
C185919;5;6;LIM
C185919;6;7;LIM
C185919;7;8;SAP
C185919;8;9;SAP
C185919;9;10;SAP
C185919;10;11;SAP
C185919;11;12;SAP
C185919;12;13;SAP
C185919;13;14;SAP
C185919;14;15;SAP
C185919;15;16;BR
C185920;0;1;LIM
C185920;1;2;LIM
C185920;2;3;LIM
C185920;3;4;LIM
C185920;4;5;LIM
C185920;5;6;LIM
C185920;6;7;LIM
C185920;7;8;LIM
C185920;8;9;SAP
C185920;9;10;SAP
C185920;10;11;SAP
C185920;11;12;SAP
C185920;12;13;SAP
C185920;13;13.83;SAP
C185920;13.83;14;SAP
C185920;14;15;BR
C185920;15;16;BR
C185921;0;1;LIM
C185921;1;2;LIM
C185921;2;3;LIM
C185921;3;4;LIM
C185921;4;5;LIM
C185921;5;6;LIM
C185921;6;7;LIM
C185921;7;8;LIM
C185921;8;9;LIM
C185921;9;10;LIM
C185921;10;11;LIM
C185921;11;12;SAP
C185921;12;13;SAP
C185921;13;13.18;SAP
C185921;13.18;14;BR
C185921;14;15;BR
C185921;15;16;BR
C185921;16;16.45;BR
C185922;0;1;LIM
C185922;1;2;LIM
C185922;2;3;LIM
C185922;3;4;LIM
C185922;4;5;LIM
C185922;5;6;LIM
C185922;6;7;LIM
C185922;7;8;LIM
C185922;8;9;LIM
C185922;9;10;LIM
C185922;10;11;LIM
C185922;11;11.19;SAP
C185922;11.19;12;SAP
C185922;12;13;SAP
C185922;13;14;SAP
C185922;14;15;SAP
C185922;15;16;SAP
C185922;16;16.35;SAP
C185922;16.35;16.7;SAP
C185922;16.7;17;SAP
C185922;17;18;BR
C185922;18;19;BR
C185922;19;20;BR
C185922;20;21;BR
C185922;21;22;BR
C185922;22;23;BR
C185923;0;1;LIM
C185923;1;2;LIM
C185923;2;3;LIM
C185923;3;4;LIM
C185923;4;5;LIM
C185923;5;6;LIM
C185923;6;7;LIM
C185923;7;8;LIM
C185923;8;9;LIM
C185923;9;10;LIM
C185923;10;11;SAP
C185923;11;12;SAP
C185923;12;12.45;SAP
C185923;12.45;13;SAP
C185923;13;14;BR
C185923;14;15;BR
C185923;15;16;BR
C185923;16;17;BR
C185924;0;1;LIM
C185924;1;2;LIM
C185924;2;3;LIM
C185924;3;4;LIM
C185924;4;5;LIM
C185924;5;6;LIM
C185924;6;7;LIM
C185924;7;8;LIM
C185924;8;9;LIM
C185924;9;9.28;LIM
C185924;9.28;9.63;LIM
C185924;9.63;10;LIM
C185924;10;11;LIM
C185924;11;12;LIM
C185924;12;12.8;SAP
C185924;12.8;13;SAP
C185924;13;14;BR
C185924;14;15;BR
C185924;15;16;BR
C185925;0;1;LIM
C185925;1;2;LIM
C185925;2;3;LIM
C185925;3;4;LIM
C185925;4;5;LIM
C185925;5;6;LIM
C185925;6;7;LIM
C185925;7;8;LIM
C185925;8;9;SAP
C185925;9;10;SAP
C185925;10;11;SAP
C185925;11;12;SAP
C185925;12;12.25;SAP
C185925;12.25;13;SAP
C185925;13;14;SAP
C185925;14;15;SAP
C185925;15;15.5;BR
C185925;15.5;15.67;BR
C185925;15.67;16;BR
C185925;16;17;BR
C185925;17;17.5;BR
C185925;17.5;17.7;BR
C185925;17.7;18;BR
C185925;18;18.5;BR
C185925;18.5;19;BR
C185925;19;20;BR
C185925;20;21;BR
C185926;0;1;LIM
C185926;1;2;LIM
C185926;2;3;LIM
C185926;3;4;LIM
C185926;4;5;LIM
C185926;5;6;LIM
C185926;6;7;LIM
C185926;7;8;LIM
C185926;8;9;LIM
C185926;9;10;LIM
C185926;10;11;LIM
C185926;11;12;LIM
C185926;12;13;LIM
C185926;13;14;LIM
C185926;14;15;LIM
C185926;15;16;LIM
C185926;16;17;LIM
C185926;17;18;LIM
C185926;18;19;LIM
C185926;19;20;LIM
C185926;20;21;SAP
C185926;21;22;BR
C185926;22;23;BR
C185926;23;24;BR
C185926;24;25;BR
C185926;25;26;BR
C185926;26;27;BR
C185926;27;28;BR
C185927;0;1;LIM
C185927;1;2;LIM
C185927;2;3;LIM
C185927;3;4;LIM
C185927;4;5;LIM
C185927;5;6;LIM
C185927;6;7;LIM
C185927;7;8;LIM
C185927;8;9;LIM
C185927;9;10;LIM
C185927;10;11;LIM
C185927;11;12;SAP
C185927;12;13;SAP
C185927;13;14;SAP
C185927;14;15;SAP
C185927;15;16;SAP
C185927;16;17;SAP
C185927;17;18;SAP
C185927;18;19;SAP
C185927;19;20;SAP
C185927;20;20.62;SAP
C185927;20.62;21;SAP
C185927;21;22;BR
C185927;22;23;BR
C185927;23;24;BR
C185927;24;25;BR
C185928;0;1;LIM
C185928;1;2;LIM
C185928;2;3;LIM
C185928;3;4;LIM
C185928;4;5;LIM
C185928;5;6;LIM
C185928;6;7;LIM
C185928;7;8;LIM
C185928;8;9;LIM
C185928;9;10;LIM
C185928;10;11;LIM
C185928;11;12;LIM
C185928;12;13;LIM
C185928;13;14;SAP
C185928;14;15;BR
C185928;15;16;BR
C185928;16;17;BR
C185930;0;1;LIM
C185930;1;2;LIM
C185930;2;3;LIM
C185930;3;4;LIM
C185930;4;5;LIM
C185930;5;6;LIM
C185930;6;7;LIM
C185930;7;8;SAP
C185930;8;9;SAP
C185930;9;10;SAP
C185930;10;11;SAP
C185930;11;12;SAP
C185930;12;13;SAP
C185930;13;14;SAP
C185930;14;15;SAP
C185930;15;16;SAP
C185930;16;17;SAP
C185930;17;18;SAP
C185930;18;19;SAP
C185930;19;20;SAP
C185930;20;21;SAP
C185930;21;22;SAP
C185930;22;23;SAP
C185930;23;24;SAP
C185930;24;25;SAP
C185930;25;26;SAP
C185930;26;27;BR
C185930;27;27.3;BR
C185930;27.3;28;BR
C185930;28;29;BR
C185930;29;30;BR
C185930;30;30.5;BR
C185931;0;1;LIM
C185931;1;2;LIM
C185931;2;3;LIM
C185931;3;4;LIM
C185931;4;5;LIM
C185931;5;6;LIM
C185931;6;7;LIM
C185931;7;8;LIM
C185931;8;9;LIM
C185931;9;9.5;LIM
C185931;9.5;10;SAP
C185931;10;10.25;SAP
C185931;10.25;10.73;SAP
C185931;10.73;11;SAP
C185931;11;11.35;SAP
C185931;11.35;12;SAP
C185931;12;12.78;SAP
C185931;12.78;13;SAP
C185931;13;14;BR
C185931;14;15;BR
C185931;15;15.5;BR
C185932;0;1;LIM
C185932;1;2;LIM
C185932;2;3;LIM
C185932;3;4;LIM
C185932;4;5;LIM
C185932;5;6;LIM
C185932;6;7;SAP
C185932;7;8;SAP
C185932;8;9;SAP
C185932;9;10;SAP
C185932;10;11;SAP
C185932;11;12;SAP
C185932;12;13;SAP
C185932;13;14;SAP
C185932;14;15;SAP
C185932;15;15.35;SAP
C185932;15.35;16;SAP
C185932;16;16.55;SAP
C185932;16.55;17;BR
C185932;17;18;BR
C185932;18;19;BR
C185934;0.1;1;LIM
C185934;1;2;LIM
C185934;2;3;LIM
C185934;3;4;LIM
C185934;4;5;LIM
C185934;5;6;LIM
C185934;6;7;LIM
C185934;7;8;LIM
C185934;8;9;LIM
C185934;9;10;LIM
C185934;10;11;LIM
C185934;11;12;LIM
C185934;12;13;LIM
C185934;13;14;LIM
C185934;14;14.28;LIM
C185934;14.28;15;LIM
C185934;15;15.19;SAP
C185934;15.19;16;SAP
C185934;16;16.77;SAP
C185934;16.77;17;SAP
C185934;17;18;SAP
C185934;18;19;SAP
C185934;19;20;SAP
C185934;20;21;SAP
C185934;21;21.25;SAP
C185934;21.25;22;SAP
C185934;22;23;SAP
C185934;23;24;SAP
C185934;24;24.55;SAP
C185934;24.55;25;BR
C185934;25;26;BR
C185934;26;27;BR
C185935;0;1;LIM
C185935;1;2;LIM
C185935;2;2.35;LIM
C185935;2.35;3;LIM
C185935;3;4;LIM
C185935;4;5;LIM
C185935;5;6;LIM
C185935;6;7;SAP
C185935;7;8;SAP
C185935;8;8.55;SAP
C185935;8.55;9;BR
C185935;9;10;BR
C185935;10;11;BR
C185935;11;12;BR
C185935;12;12.5;BR
C185936;0;1;LIM
C185936;1;2;LIM
C185936;2;3;LIM
C185936;3;4;LIM
C185936;4;5;LIM
C185936;5;6;LIM
C185936;6;7;LIM
C185936;7;8;LIM
C185936;8;9;SAP
C185936;9;10;SAP
C185936;10;11;SAP
C185936;11;12;SAP
C185936;12;13;SAP
C185936;13;13.25;SAP
C185936;13.25;14;SAP
C185936;14;14.75;BR
C185936;14.75;15;BR
C185936;15;16;BR
C185936;16;17;BR
C185936;17;17.22;BR
C185936;17.22;18;BR
C185936;18;19;BR
C185936;19;20;BR
C185937;0;1;LIM
C185937;1;2;LIM
C185937;2;3;LIM
C185937;3;4;LIM
C185937;4;5;LIM
C185937;5;6;LIM
C185937;6;7;LIM
C185937;7;8;LIM
C185937;8;9;LIM
C185937;9;10;SAP
C185937;10;11;SAP
C185937;11;12;SAP
C185937;12;13;SAP
C185937;13;14;SAP
C185937;14;14.51;SAP
C185937;14.51;15;SAP
C185937;15;15.23;SAP
C185937;15.23;16;SAP
C185937;16;17;SAP
C185937;17;18;SAP
C185937;18;18.62;SAP
C185937;18.62;19;SAP
C185937;19;20;BR
C185937;20;20.48;BR
C185937;20.48;21;BR
C185937;21;22;BR
C185937;22;22.8;BR
C185937;22.8;23;BR
C185937;23;23.56;BR
C185937;23.56;24;BR
C185937;24;25;BR
C185937;25;26;BR
C185938;0;1;LIM
C185938;1;2;LIM
C185938;2;3;LIM
C185938;3;4;LIM
C185938;4;5;LIM
C185938;5;6;LIM
C185938;6;7;LIM
C185938;7;8;LIM
C185938;8;9;LIM
C185938;9;10;LIM
C185938;10;11;LIM
C185938;11;11.77;LIM
C185938;11.77;12;LIM
C185938;12;13;LIM
C185938;13;14;LIM
C185938;14;15;SAP
C185938;15;16;SAP
C185938;16;17;SAP
C185938;17;18;SAP
C185938;18;18.65;SAP
C185938;18.65;19;SAP
C185938;19;20;SAP
C185938;20;21;BR
C185938;21;22;BR
C185938;22;22.5;BR
C185939;0;1;LIM
C185939;1;2;LIM
C185939;2;3;LIM
C185939;3;4;LIM
C185939;4;5;LIM
C185939;5;6;LIM
C185939;6;7;LIM
C185939;7;8;SAP
C185939;8;9;SAP
C185939;9;9.2;BR
C185939;9.2;10;BR
C185939;10;11;BR
C185939;11;12;BR
C185939;12;13;BR
C185940;0;1;LIM
C185940;1;2;LIM
C185940;2;3;LIM
C185940;3;4;LIM
C185940;4;5;LIM
C185940;5;6;LIM
C185940;6;7;LIM
C185940;7;8;LIM
C185940;8;9;LIM
C185940;9;10;LIM
C185940;10;11;SAP
C185940;11;12;SAP
C185940;12;12.53;SAP
C185940;12.53;13;SAP
C185940;13;14;SAP
C185940;14;15;SAP
C185940;15;16;SAP
C185940;16;17;BR
C185940;17;18;BR
C185940;18;18.5;BR
C185941;0;1;LIM
C185941;1;2;LIM
C185941;2;3;LIM
C185941;3;4;LIM
C185941;4;5;LIM
C185941;5;6;LIM
C185941;6;7;LIM
C185941;7;8;SAP
C185941;8;9;SAP
C185941;9;10;SAP
C185941;10;10.24;SAP
C185941;10.24;10.54;SAP
C185941;10.54;11;SAP
C185941;11;12;SAP
C185941;12;13;SAP
C185941;13;14;SAP
C185941;14;15;SAP
C185941;15;16;SAP
C185941;16;17;SAP
C185941;17;18;SAP
C185941;18;19;SAP
C185941;19;20;SAP
C185941;20;20.3;SAP
C185941;20.3;21;SAP
C185941;21;22;SAP
C185941;22;22.5;SAP
C185942;0;1;LIM
C185942;1;2;LIM
C185942;2;3;LIM
C185942;3;4;LIM
C185942;4;5;LIM
C185942;5;6;LIM
C185942;6;7;LIM
C185942;7;8;LIM
C185942;8;9;LIM
C185942;9;10;LIM
C185942;10;11;LIM
C185942;11;12;LIM
C185942;12;13;LIM
C185942;13;14;SAP
C185942;14;15;SAP
C185942;15;15.26;BR
C185942;15.26;16;BR
C185942;16;16.4;BR
C185942;16.4;17;BR
C185942;17;18;BR
C185942;18;19;BR
C185943;0;1;LIM
C185943;1;2;LIM
C185943;2;3;LIM
C185943;3;4;LIM
C185943;4;5;LIM
C185943;5;6;LIM
C185943;6;7;LIM
C185943;7;8;LIM
C185943;8;9;LIM
C185943;9;10;LIM
C185943;10;11;SAP
C185943;11;12;SAP
C185943;12;13;SAP
C185943;13;14;SAP
C185943;14;15;BR
C185943;15;15.5;BR
C185944;0;1;LIM
C185944;1;2;LIM
C185944;2;3;LIM
C185944;3;4;LIM
C185944;4;5;LIM
C185944;5;6;LIM
C185944;6;7;LIM
C185944;7;8;LIM
C185944;8;9;LIM
C185944;9;10;LIM
C185944;10;11;SAP
C185944;11;12;SAP
C185944;12;13;SAP
C185944;13;14;SAP
C185944;14;15;SAP
C185944;15;15.68;SAP
C185944;15.68;16;SAP
C185944;16;17;SAP
C185944;17;17.67;BR
C185944;17.67;18;BR
C185944;18;18.81;BR
C185944;18.81;19;BR
C185944;19;19.38;BR
C185944;19.38;20;BR
C185944;20;21;BR
C185944;21;22;BR
C185944;22;23;BR
C185944;23;24;BR
C185944;24;25;BR
C185944;25;26;BR
C185944;26;27;BR
C185945;0;1;LIM
C185945;1;2;LIM
C185945;2;3;LIM
C185945;3;4;LIM
C185945;4;5;LIM
C185945;5;6;LIM
C185945;6;7;LIM
C185945;7;8;LIM
C185945;8;9;LIM
C185945;9;9.56;SAP
C185945;9.56;9.74;SAP
C185945;9.74;10;SAP
C185945;10;11;BR
C185945;11;11.33;BR
C185945;11.33;12;BR
C185945;12;13;BR
C185945;13;13.33;BR
C185945;13.33;14;BR
C185945;14;14.55;BR
C185945;14.55;15;BR
C185945;15;15.53;BR
C185945;15.53;16;BR
C185945;16;17;BR
C185945;17;18;BR
C185945;18;19;BR
C185968;0;1;LIM
C185968;1;2;LIM
C185968;2;3;LIM
C185968;3;4;LIM
C185968;4;5;LIM
C185968;5;6;LIM
C185968;6;7;LIM
C185968;7;8;LIM
C185968;8;9;SAP
C185968;9;10;SAP
C185968;10;11;SAP
C185968;11;11.73;SAP
C185968;11.73;12;SAP
C185968;12;13;SAP
C185968;13;13.27;SAP
C185968;13.27;14;SAP
C185968;14;15;BR
C185968;15;15.5;BR
C185969;0;1;LIM
C185969;1;2;LIM
C185969;2;3;LIM
C185969;3;4;LIM
C185969;4;5;LIM
C185969;5;6;LIM
C185969;6;7;LIM
C185969;7;8;LIM
C185969;8;9;SAP
C185969;9;9.28;SAP
C185969;9.28;10;SAP
C185969;10;11;SAP
C185969;11;12;SAP
C185969;12;13;SAP
C185969;13;13.42;SAP
C185969;13.42;14;SAP
C185969;14;14.4;SAP
C185969;14.4;15;SAP
C185969;15;16;SAP
C185969;16;17;SAP
C185969;17;18;SAP
